foot_id,pca_0,pca_1,ball_width,length,width,foot_height,arch_height,ball_girth,instep_girth,waist_girth,heel_girth,long_heel_girth,short_heel_girth,ankle_girth
synthetic_0000,3205.420654296875,870.2020263671875,98.69633483886719,261.7,92.6,68.5,18.0,224.4,226.6,216.6,315.3,315.3,277.4,235.7
synthetic_0001,3361.37158203125,954.7158203125,106.21826934814453,269.9,101.2,72.2,17.0,246.4,258.9,233.7,352.5,352.5,313.8,244.9
synthetic_0002,3316.603271484375,-1107.9215087890625,99.5269546508789,277.5,102.7,67.4,13.1,259.3,260.6,247.8,364.4,364.4,318.9,246.0
synthetic_0003,2857.0556640625,932.3551025390625,97.59767150878906,242.5,94.7,66.3,13.1,228.1,232.6,224.4,330.8,330.8,290.8,236.8
synthetic_0004,3170.567138671875,928.6255493164062,101.60794067382812,258.5,98.1,68.7,15.2,248.6,254.3,240.1,342.0,342.0,306.9,240.0
synthetic_0005,2878.068359375,896.0594482421875,97.29281616210938,245.5,91.0,68.2,10.5,237.2,231.3,218.0,327.6,327.6,298.3,241.7
synthetic_0006,3014.6005859375,875.7117309570312,95.95907592773438,250.5,91.8,66.6,13.0,224.0,225.9,207.6,322.9,322.9,294.3,226.4
synthetic_0007,2941.927734375,-1018.5548706054688,95.47517395019531,259.2,100.4,64.0,15.3,241.6,242.6,226.2,316.6,316.6,282.2,224.1
synthetic_0008,2768.39208984375,-2342.748046875,103.0746078491211,264.8,101.4,69.3,14.1,247.4,253.1,224.5,313.6,313.6,280.1,231.6
synthetic_0009,2791.9716796875,886.9224853515625,94.83297729492188,240.9,88.9,66.3,12.1,231.0,231.7,217.6,307.7,307.7,284.8,206.5
synthetic_0010,-6366.89599609375,-80.19296264648438,75.92591857910156,264.0,100.1,63.8,7.9,247.7,242.5,232.0,341.7,341.7,302.2,226.3
synthetic_0011,3125.920166015625,971.925048828125,104.28924560546875,259.6,98.5,70.9,18.0,247.6,267.6,237.1,333.1,333.1,299.5,227.5
synthetic_0012,-6463.52001953125,-34.29664611816406,74.21717834472656,267.4,98.8,60.8,9.1,248.2,249.9,249.9,380.9,380.9,330.1,235.7
synthetic_0013,3056.59375,-1011.7426147460938,92.08527374267578,261.1,93.6,63.5,11.0,236.9,247.0,231.5,329.2,329.2,287.0,226.2
synthetic_0014,2792.353759765625,-1008.7715454101562,98.98745727539062,255.6,105.1,65.4,17.5,247.9,243.9,224.3,328.0,328.0,286.2,237.0
synthetic_0015,-5871.9560546875,-156.4114532470703,72.09370422363281,241.0,95.8,62.9,12.3,233.8,234.5,225.1,310.7,310.7,274.4,223.4
synthetic_0016,3402.09326171875,-1153.4522705078125,105.77838134765625,283.6,106.4,70.2,16.2,272.0,271.2,251.3,374.6,374.6,343.6,263.9
synthetic_0017,2623.000244140625,830.5218505859375,86.86355590820312,235.5,81.9,66.2,20.1,213.8,225.3,222.2,296.2,296.2,273.5,215.0
synthetic_0018,3136.54345703125,910.2611083984375,98.9791030883789,256.4,95.4,65.8,19.3,239.7,250.7,217.9,328.7,328.7,289.7,222.8
synthetic_0019,-6090.0322265625,-70.87286376953125,73.10250854492188,250.8,99.0,58.0,12.4,237.1,233.9,229.7,336.2,336.2,297.9,222.6
synthetic_0020,-6137.5859375,-117.6378173828125,73.97418975830078,252.7,96.2,64.5,9.2,239.3,244.4,248.3,354.3,354.3,315.0,234.6
synthetic_0021,2934.7646484375,908.74658203125,97.62786865234375,246.3,94.4,67.3,10.9,230.5,223.8,213.5,300.2,300.2,266.9,217.8
synthetic_0022,-5284.62109375,1494.358642578125,69.95779418945312,226.3,78.2,66.1,8.1,199.9,231.6,233.3,298.9,298.9,273.0,238.7
synthetic_0023,2797.901611328125,884.6890869140625,93.06358337402344,239.5,89.1,63.8,14.7,222.7,231.1,206.5,312.0,312.0,284.0,216.7
synthetic_0024,3004.46142578125,-1051.135009765625,100.9166259765625,264.6,104.3,67.3,15.6,254.0,257.1,235.7,344.7,344.7,323.4,260.5
synthetic_0025,3096.8095703125,-1043.8653564453125,93.84173583984375,263.1,94.6,61.1,17.7,241.0,243.8,216.1,345.8,345.8,301.8,229.7
synthetic_0026,3003.884521484375,-1021.3939819335938,95.59994506835938,261.0,98.1,64.3,13.2,242.0,245.7,242.1,301.9,301.9,275.9,222.1
synthetic_0027,2996.513427734375,795.3885498046875,90.20697021484375,250.1,84.9,63.8,20.0,212.5,231.0,212.2,312.5,312.5,280.9,235.8
synthetic_0028,2711.15283203125,-2443.544677734375,108.90373229980469,266.5,108.7,72.3,16.8,273.0,278.8,265.5,355.4,355.4,313.9,263.6
synthetic_0029,2492.72119140625,-901.9193725585938,90.76052856445312,236.2,93.4,59.4,16.8,233.9,251.2,237.0,309.8,309.8,273.5,212.7
synthetic_0030,-6684.71875,-129.7154998779297,81.86717224121094,282.5,108.5,67.7,10.6,265.0,252.7,236.4,354.6,354.6,319.5,224.8
synthetic_0031,3237.25439453125,937.479736328125,102.06108093261719,261.7,98.4,67.4,20.5,230.8,237.6,228.5,311.0,311.0,280.2,233.0
synthetic_0032,2932.483642578125,952.431884765625,99.66400146484375,246.7,97.1,67.0,14.7,240.1,250.1,226.5,328.5,328.5,298.9,244.6
synthetic_0033,2739.360595703125,898.1082763671875,95.02000427246094,238.3,89.4,66.5,10.6,220.1,234.3,224.7,324.7,324.7,295.0,240.9
synthetic_0034,-6313.51171875,-122.521240234375,83.40263366699219,266.0,111.6,66.6,6.2,274.5,265.8,252.0,362.3,362.3,318.8,237.3
synthetic_0035,2884.14892578125,899.1563110351562,94.96533203125,242.9,93.9,63.8,14.2,222.6,214.9,207.7,303.4,303.4,277.5,219.2
synthetic_0036,2855.6865234375,-2351.5009765625,101.82101440429688,269.6,101.9,69.7,11.9,251.4,257.3,247.1,341.8,341.8,303.9,242.8
synthetic_0037,-6587.5869140625,1.3770599365234375,70.05001068115234,270.8,90.8,61.6,7.4,220.8,218.4,214.9,316.7,316.7,291.4,236.3
synthetic_0038,-6149.341796875,-148.47125244140625,78.46696472167969,255.3,102.9,65.1,10.3,244.3,236.7,219.4,324.3,324.3,302.4,217.2
synthetic_0039,3284.9658203125,841.0052490234375,97.55406188964844,263.3,93.2,67.6,13.7,226.2,243.6,221.7,318.4,318.4,284.5,234.0
synthetic_0040,3084.567626953125,929.700927734375,99.98321533203125,253.2,96.8,65.4,18.8,237.5,232.9,230.2,324.2,324.2,291.5,228.9
synthetic_0041,3167.54541015625,1078.0826416015625,111.61494445800781,262.5,108.5,75.2,15.8,261.1,279.7,250.9,357.0,357.0,322.1,250.4
synthetic_0042,2763.41796875,646.1517944335938,77.68364715576172,229.2,76.1,53.0,9.1,200.7,218.7,211.0,297.9,297.9,266.9,202.2
synthetic_0043,2941.9853515625,-1030.7333984375,96.91566467285156,259.7,100.6,64.0,17.7,238.6,244.1,249.1,340.9,340.9,302.3,244.8
synthetic_0044,2927.82080078125,-994.4805297851562,91.27323150634766,255.5,95.0,61.0,14.6,231.5,239.8,232.8,331.5,331.5,300.8,229.2
synthetic_0045,3048.310302734375,-2232.8603515625,94.28909301757812,272.6,92.2,66.1,6.3,230.0,244.8,234.5,321.8,321.8,272.8,223.8
synthetic_0046,3657.833251953125,-1231.8680419921875,107.76642608642578,298.1,112.8,71.7,17.5,265.4,265.1,251.0,356.9,356.9,319.6,259.7
synthetic_0047,2876.83251953125,950.801513671875,100.47383117675781,244.7,96.9,68.9,10.2,231.9,254.6,232.6,347.6,347.6,321.4,251.2
synthetic_0048,-6242.70361328125,-130.412841796875,78.2625732421875,260.9,105.9,64.5,9.9,250.9,255.7,227.6,343.7,343.7,317.6,218.4
synthetic_0049,2991.83984375,720.5635986328125,84.9260025024414,243.0,82.8,57.4,12.9,215.6,216.3,204.3,309.6,309.6,285.7,222.4
synthetic_0050,3264.89794921875,968.0916137695312,102.35765075683594,263.1,101.4,67.4,22.2,248.8,252.1,231.3,318.4,318.4,283.8,228.3
synthetic_0051,3035.1201171875,-1038.3001708984375,94.8187255859375,262.2,98.5,62.6,16.8,249.4,246.8,228.3,343.6,343.6,298.1,234.7
synthetic_0052,2795.4228515625,-2195.25439453125,95.20576477050781,261.0,93.1,66.0,8.1,246.9,256.5,236.4,338.9,338.9,301.5,237.1
synthetic_0053,2720.05517578125,954.2344970703125,98.58683013916016,238.1,93.6,68.9,9.3,226.0,241.9,236.8,309.8,309.8,291.6,214.4
synthetic_0054,2337.23974609375,-1980.82373046875,85.76370239257812,234.5,86.5,57.2,15.0,220.4,209.9,206.6,303.4,303.4,267.6,202.9
synthetic_0055,-6359.79296875,-147.97386169433594,78.43505859375,265.8,103.4,68.7,7.8,256.9,250.1,239.3,324.8,324.8,287.3,220.1
synthetic_0056,3129.670654296875,-1083.0709228515625,99.2865219116211,268.8,101.7,64.8,19.5,248.0,250.4,237.8,332.2,332.2,294.1,229.2
synthetic_0057,3445.0986328125,-1130.6156005859375,90.530517578125,279.9,98.9,59.4,19.4,267.3,251.0,225.2,341.9,341.9,307.4,219.8
synthetic_0058,-6386.7822265625,-108.99191284179688,74.4034194946289,266.5,102.4,60.7,15.8,264.4,257.3,240.5,347.2,347.2,299.6,236.5
synthetic_0059,2692.95849609375,-985.7772827148438,96.25431823730469,249.8,103.6,62.9,19.7,239.3,250.6,236.0,319.4,319.4,295.9,225.1
synthetic_0060,-5694.63720703125,-28.50920867919922,64.36429595947266,227.4,86.2,54.2,9.8,214.9,203.6,185.0,301.5,301.5,256.8,211.4
synthetic_0061,3070.610595703125,-1027.7662353515625,90.60136413574219,261.2,94.1,59.8,16.1,240.1,256.8,240.1,345.4,345.4,315.6,244.3
synthetic_0062,3346.708984375,-1108.203857421875,99.54345703125,278.0,100.9,67.4,12.6,259.0,268.6,245.8,350.6,350.6,312.9,254.5
synthetic_0063,-5552.203125,52.22563171386719,58.939979553222656,217.8,78.7,52.2,3.0,195.7,193.1,184.1,302.0,302.0,266.1,204.6
synthetic_0064,3069.921875,-2327.48974609375,96.87092590332031,274.5,97.4,64.4,16.0,245.6,250.6,235.0,345.9,345.9,311.3,239.6
synthetic_0065,2728.948486328125,781.5169677734375,86.74024200439453,235.6,80.9,62.1,11.2,206.0,216.4,212.1,273.3,273.3,246.1,215.8
synthetic_0066,-6303.98486328125,-56.11332702636719,76.98007202148438,261.4,101.9,61.1,8.6,251.3,247.7,238.3,336.6,336.6,303.4,240.9
synthetic_0067,3302.2744140625,-1071.4295654296875,87.43392944335938,270.4,92.6,57.7,16.5,246.4,230.0,207.7,334.4,334.4,311.3,230.8
synthetic_0068,3082.666259765625,799.1846923828125,91.88580322265625,250.1,89.4,62.8,11.9,221.8,244.9,238.7,340.3,340.3,311.4,247.1
synthetic_0069,2970.12646484375,-1058.0263671875,104.19258117675781,264.1,105.4,69.3,17.4,259.6,266.1,234.6,344.6,344.6,302.4,259.6
synthetic_0070,3367.077392578125,-1186.463134765625,111.70162963867188,286.2,113.5,72.7,20.9,273.6,277.7,251.3,364.4,364.4,316.9,256.3
synthetic_0071,2766.30908203125,-999.1530151367188,101.73895263671875,255.1,105.1,68.5,14.3,253.6,259.7,241.1,325.9,325.9,289.7,222.4
synthetic_0072,-6412.591796875,-45.40818786621094,74.1336441040039,265.3,101.3,59.2,12.3,255.1,256.0,247.8,342.0,342.0,301.6,238.0
synthetic_0073,2666.35498046875,-2370.190673828125,105.41506958007812,263.0,105.2,71.0,14.3,246.5,253.9,239.6,332.2,332.2,301.0,237.1
synthetic_0074,2712.90087890625,-939.5977172851562,90.07882690429688,245.7,94.2,60.5,13.5,234.9,228.0,214.1,332.6,332.6,286.1,210.6
synthetic_0075,3180.008056640625,888.2670288085938,97.6742172241211,257.0,96.6,64.1,18.2,222.1,236.2,232.6,306.7,306.7,271.9,213.0
synthetic_0076,2960.996826171875,1015.9818115234375,103.56488037109375,250.9,101.8,71.4,13.3,259.9,265.7,260.7,347.1,347.1,313.5,281.4
synthetic_0077,3398.46435546875,888.2650146484375,102.01188659667969,271.1,97.6,71.6,13.6,244.5,259.3,240.7,348.2,348.2,313.9,253.8
synthetic_0078,-5598.927734375,15.325981140136719,66.80449676513672,223.2,88.3,53.1,5.2,216.3,217.9,200.8,310.5,310.5,280.5,207.1
synthetic_0079,2918.8427734375,-996.253173828125,90.64452362060547,255.7,97.4,60.2,15.6,240.8,225.6,203.2,318.1,318.1,286.8,219.6
synthetic_0080,-6281.4736328125,-56.3411865234375,77.6740951538086,260.4,102.5,61.1,8.4,241.1,243.5,238.8,317.0,317.0,279.0,217.1
synthetic_0081,2530.728515625,-2099.80859375,91.96720123291016,246.9,90.8,62.4,11.7,236.7,233.0,214.6,323.9,323.9,297.2,229.2
synthetic_0082,2799.34130859375,-1010.364013671875,95.33494567871094,254.0,103.6,61.9,21.1,246.6,239.2,228.7,309.8,309.8,284.1,226.2
synthetic_0083,2877.099609375,1001.9526977539062,100.98954010009766,245.8,97.7,67.3,19.4,242.7,261.8,226.7,328.5,328.5,299.1,229.7
synthetic_0084,-6080.0986328125,-186.3543701171875,76.6776123046875,253.6,105.1,63.8,15.0,248.7,252.4,236.8,344.8,344.8,318.0,244.4
synthetic_0085,3369.878173828125,835.6030883789062,97.91790008544922,266.6,93.7,66.0,17.6,246.2,249.3,240.8,351.6,351.6,313.9,241.1
synthetic_0086,-6113.91796875,1632.553955078125,70.02503967285156,262.3,83.0,66.4,3.0,213.3,224.5,214.4,304.6,304.6,286.0,218.3
synthetic_0087,3867.6953125,974.2491455078125,113.35270690917969,295.0,109.5,74.9,22.5,272.5,267.5,252.4,352.0,352.0,315.4,247.1
synthetic_0088,3206.12890625,-1083.3125,98.79671478271484,272.4,101.9,66.9,13.8,254.4,259.6,235.3,336.9,336.9,299.1,222.5
synthetic_0089,-6370.84326171875,-78.307861328125,74.23072814941406,264.1,101.3,60.0,13.8,253.0,250.7,241.2,323.9,323.9,290.2,220.2
synthetic_0090,3323.28076171875,1088.283935546875,113.45890808105469,271.5,109.1,75.9,21.0,263.0,276.0,261.6,356.4,356.4,323.6,259.2
synthetic_0091,2909.8857421875,862.287841796875,94.05608367919922,244.0,89.8,64.2,13.2,229.9,241.6,222.1,337.4,337.4,293.8,248.6
synthetic_0092,-6153.3134765625,7.562232971191406,65.43780517578125,247.9,84.7,57.6,8.1,221.2,218.9,205.9,324.5,324.5,293.4,226.0
synthetic_0093,-6272.77587890625,1687.5181884765625,71.95982360839844,267.1,88.9,64.6,5.1,234.2,234.5,229.8,348.8,348.8,307.7,246.6
synthetic_0094,2953.611083984375,890.7146606445312,96.4942398071289,247.4,93.1,66.6,11.5,239.1,250.1,225.3,348.1,348.1,311.5,235.9
synthetic_0095,2892.41162109375,817.6865844726562,92.07839965820312,241.7,88.4,63.2,9.2,227.9,223.4,211.5,327.6,327.6,281.0,239.6
synthetic_0096,2935.345458984375,-1020.8410034179688,98.46005249023438,259.1,99.3,65.7,15.5,243.9,259.7,236.7,352.0,352.0,315.7,236.3
synthetic_0097,-6297.21923828125,-181.775634765625,79.46052551269531,264.3,106.5,66.4,13.3,248.4,251.2,224.4,323.9,323.9,301.1,259.1
synthetic_0098,-5953.86328125,-171.8905487060547,74.9777603149414,246.4,100.3,63.7,12.6,244.8,248.6,234.0,321.0,321.0,282.1,234.3
synthetic_0099,3087.687744140625,849.5199584960938,95.14361572265625,251.7,91.5,63.3,16.3,233.3,232.5,229.7,346.9,346.9,314.6,253.5
synthetic_0100,3504.042236328125,957.0009765625,107.13761901855469,275.9,106.1,71.6,17.2,252.9,265.8,236.7,341.8,341.8,310.6,259.1
synthetic_0101,3127.634765625,786.3927612304688,91.34786224365234,251.8,88.7,62.0,13.4,228.7,241.0,221.6,328.7,328.7,300.5,230.9
synthetic_0102,2695.307373046875,-920.89794921875,89.65383911132812,243.6,90.6,60.7,11.5,240.0,238.3,223.0,297.7,297.7,271.6,205.3
synthetic_0103,3544.88720703125,954.0144653320312,108.97181701660156,280.2,103.5,75.2,16.1,259.5,265.7,248.5,364.8,364.8,315.4,256.3
synthetic_0104,2877.47802734375,-999.0269775390625,98.5512924194336,256.7,99.9,66.8,12.4,252.4,262.6,245.0,358.0,358.0,316.0,256.4
synthetic_0105,-5957.26123046875,1710.614013671875,78.17857360839844,258.4,96.9,71.1,5.1,233.2,234.9,219.9,316.2,316.2,281.1,223.7
synthetic_0106,-6935.8603515625,-218.5203857421875,90.58326721191406,298.7,120.1,72.9,14.4,278.3,263.3,251.5,342.4,342.4,296.8,237.8
synthetic_0107,-6248.88720703125,-134.69361877441406,76.81083679199219,259.1,99.0,66.9,8.8,250.9,246.0,238.0,331.6,331.6,298.6,240.8
synthetic_0108,3241.641357421875,966.6146240234375,104.64744567871094,267.0,99.1,73.2,19.2,247.1,263.5,258.5,366.9,366.9,321.4,277.4
synthetic_0109,2881.064208984375,757.3926391601562,86.39170837402344,238.3,83.1,57.9,13.6,215.1,214.3,199.0,295.2,295.2,284.6,212.8
synthetic_0110,3229.140625,-1071.9329833984375,97.8853988647461,271.7,98.9,67.0,11.4,230.6,227.8,204.4,288.0,288.0,273.4,213.0
synthetic_0111,2994.177001953125,-2455.319091796875,106.68605041503906,278.7,106.0,72.9,11.9,265.1,273.4,249.9,366.5,366.5,323.0,247.8
synthetic_0112,2539.98583984375,-877.1002807617188,88.77239990234375,236.1,89.7,61.3,9.4,224.6,234.8,223.9,345.2,345.2,299.6,252.9
synthetic_0113,-5998.4775390625,-145.03118896484375,73.81062316894531,247.4,98.6,63.1,11.5,227.3,234.4,208.8,336.1,336.1,293.4,234.8
synthetic_0114,2882.27587890625,859.0859985351562,93.79380798339844,244.0,88.7,64.7,13.1,238.3,237.9,232.0,333.2,333.2,294.8,232.9
synthetic_0115,3080.34326171875,867.7574462890625,95.96792602539062,254.5,91.2,66.5,16.4,237.4,255.2,246.4,336.3,336.3,297.1,238.6
synthetic_0116,-5952.5166015625,-176.87451171875,75.9289321899414,246.2,101.1,64.2,12.4,251.2,235.8,211.5,334.6,334.6,302.6,220.3
synthetic_0117,-6078.09765625,-250.19252014160156,79.32904815673828,256.1,106.5,68.5,14.9,251.0,255.1,223.3,341.1,341.1,294.6,232.7
synthetic_0118,-5897.296875,-15.792228698730469,67.66511535644531,236.6,84.4,59.9,4.1,221.6,230.1,213.3,284.0,284.0,270.5,179.2
synthetic_0119,3015.0224609375,823.2100219726562,94.05709075927734,250.5,88.1,66.1,11.0,230.6,241.4,239.0,330.2,330.2,285.9,245.3
synthetic_0120,-5998.49267578125,-54.04279327392578,69.09065246582031,243.4,88.8,61.3,6.5,227.2,237.7,223.8,304.7,304.7,282.2,199.5
synthetic_0121,2531.29150390625,-907.21533203125,92.91334533691406,238.0,94.5,61.8,14.3,244.0,248.9,237.4,365.7,365.7,320.6,253.7
synthetic_0122,3355.415771484375,848.4052124023438,97.04351806640625,264.0,96.1,61.7,22.2,243.8,238.0,233.5,329.1,329.1,299.4,217.6
synthetic_0123,-6223.2255859375,-220.7080841064453,78.53048706054688,262.6,108.3,68.5,12.9,254.9,256.6,239.4,338.6,338.6,291.1,247.2
synthetic_0124,2787.289306640625,-969.4876708984375,88.82279205322266,250.0,96.0,58.5,17.5,244.8,249.5,221.7,344.9,344.9,298.5,231.5
synthetic_0125,2987.77001953125,-1039.2630615234375,100.23192596435547,262.8,101.3,66.8,15.2,259.2,268.6,227.4,343.1,343.1,298.5,239.1
synthetic_0126,3595.04296875,825.9739990234375,100.81572723388672,278.0,98.0,70.4,11.4,245.7,262.0,238.4,346.4,346.4,326.3,256.5
synthetic_0127,-6166.77734375,-103.82637023925781,72.12240600585938,253.4,98.2,58.1,17.0,237.9,235.8,219.8,319.6,319.6,288.9,226.5
synthetic_0128,2667.788818359375,-2277.299072265625,97.87313842773438,256.3,98.9,62.9,22.0,232.1,249.6,241.6,329.3,329.3,298.3,241.0
synthetic_0129,2694.66259765625,-2211.25,96.41238403320312,257.0,95.3,63.7,14.9,248.4,249.2,227.2,350.9,350.9,317.2,248.7
synthetic_0130,-6196.1044921875,-9.089553833007812,68.83674621582031,251.8,89.8,59.5,6.1,230.8,229.0,213.8,280.6,280.6,267.4,196.8
synthetic_0131,3186.66943359375,854.5999755859375,98.33052062988281,262.7,91.1,71.4,14.2,238.8,265.9,254.2,342.0,342.0,305.6,252.6
synthetic_0132,3039.587158203125,913.9015502929688,99.19131469726562,254.7,93.6,70.1,14.0,253.0,257.4,253.9,353.8,353.8,309.8,241.6
synthetic_0133,-6316.53759765625,-142.36231994628906,78.738525390625,264.4,104.1,66.8,9.0,243.8,237.6,213.6,333.0,333.0,297.4,212.0
synthetic_0134,2986.108642578125,926.7885131835938,100.81452178955078,253.2,94.3,72.4,9.1,235.4,261.1,242.4,348.0,348.0,313.6,259.2
synthetic_0135,-5953.99072265625,-58.65997314453125,71.09080505371094,242.6,96.0,55.9,13.0,234.7,228.2,217.5,306.1,306.1,276.9,202.0
synthetic_0136,3272.29736328125,817.8685302734375,96.63400268554688,262.0,92.2,68.3,9.6,233.4,235.5,232.8,333.3,333.3,302.1,219.0
synthetic_0137,-6103.037109375,-203.23574829101562,77.48037719726562,255.8,106.4,65.6,14.0,256.9,265.7,231.8,322.1,322.1,287.6,240.7
synthetic_0138,-6225.720703125,58.41105651855469,65.90897369384766,251.1,84.3,57.3,3.0,219.8,216.4,203.3,334.0,334.0,296.4,204.7
synthetic_0139,3346.2734375,941.7543334960938,103.24482727050781,267.1,102.8,68.4,18.3,244.6,267.9,238.7,347.3,347.3,307.9,261.6
synthetic_0140,2780.93212890625,-975.0205078125,95.67161560058594,252.0,99.1,64.8,13.1,251.7,250.6,222.4,327.1,327.1,297.7,214.6
synthetic_0141,-6019.03662109375,-42.223793029785156,69.2193832397461,244.1,88.9,60.0,7.0,221.3,219.4,215.0,323.7,323.7,288.1,226.6
synthetic_0142,2755.0224609375,-904.8497924804688,83.82890319824219,242.5,85.5,57.0,9.4,212.0,217.2,210.9,290.5,290.5,262.6,208.1
synthetic_0143,3020.90087890625,-988.0484619140625,87.47297668457031,256.3,88.6,58.7,12.6,235.9,214.8,212.3,332.9,332.9,301.9,220.8
synthetic_0144,3018.4921875,-980.6393432617188,80.63327026367188,254.4,87.1,53.7,15.2,218.4,213.1,194.0,291.5,291.5,260.6,202.7
synthetic_0145,3301.479736328125,942.1324462890625,102.49211120605469,264.3,100.6,67.4,20.4,241.3,248.6,241.8,345.2,345.2,308.1,259.1
synthetic_0146,-6337.46484375,-147.0003662109375,74.05238342285156,265.2,100.3,65.6,12.4,250.2,248.9,234.7,336.8,336.8,307.4,266.6
synthetic_0147,-5645.61376953125,-72.48214721679688,65.83786010742188,226.0,87.5,54.5,13.4,217.1,226.2,220.5,318.7,318.7,269.3,230.7
synthetic_0148,-6331.8984375,-63.780792236328125,76.81608581542969,262.9,104.1,61.2,9.8,252.5,248.8,237.4,344.5,344.5,318.4,240.9
synthetic_0149,-5941.728515625,1637.93505859375,70.90966796875,253.0,87.4,65.3,4.1,232.1,223.3,214.5,325.4,325.4,289.5,221.6
synthetic_0150,-5987.32568359375,-178.33798217773438,74.62480926513672,247.8,99.9,65.2,12.0,240.5,234.2,226.4,304.0,304.0,275.2,242.4
synthetic_0151,2668.96630859375,937.8475341796875,94.49207305908203,237.6,89.2,67.7,18.3,220.7,237.7,220.8,319.9,319.9,288.1,216.2
synthetic_0152,-6246.58154296875,-93.11288452148438,75.71539306640625,258.8,99.4,64.2,7.2,251.6,252.7,231.7,330.4,330.4,294.2,227.5
synthetic_0153,3555.710205078125,876.7403564453125,103.83667755126953,277.6,100.2,71.7,13.1,255.1,257.5,248.6,335.6,335.6,295.0,237.8
synthetic_0154,2306.641357421875,-2066.03173828125,91.57252502441406,235.0,91.0,57.8,21.2,212.9,224.2,201.8,300.9,300.9,256.5,210.5
synthetic_0155,3777.45751953125,919.6160278320312,109.45843505859375,289.2,105.1,72.8,19.6,262.5,261.3,229.4,357.6,357.6,313.2,252.7
synthetic_0156,2989.008544921875,814.5029296875,92.81251525878906,246.5,90.1,64.6,8.0,236.1,228.2,213.1,350.9,350.9,312.0,232.3
synthetic_0157,2739.500244140625,-946.2927856445312,92.3697738647461,247.4,93.5,62.6,12.6,232.9,235.6,211.2,319.5,319.5,278.0,220.0
synthetic_0158,2445.720947265625,-2103.883056640625,92.03433227539062,242.4,92.0,59.7,18.2,232.4,225.0,220.3,305.0,305.0,278.8,211.0
synthetic_0159,3253.359375,-1068.781982421875,95.56101989746094,271.8,97.5,65.1,11.3,242.7,252.5,240.3,372.5,372.5,320.2,253.6
synthetic_0160,-5884.5458984375,-18.8170166015625,65.42662048339844,236.3,85.3,57.0,7.6,210.5,214.3,193.9,312.2,312.2,302.0,214.8
synthetic_0161,3049.943115234375,869.1969604492188,95.82682800292969,257.7,89.9,71.4,19.1,235.7,236.2,225.4,319.8,319.8,290.6,233.1
synthetic_0162,2307.16015625,813.91650390625,81.19035339355469,214.6,76.8,57.6,16.2,207.6,203.3,197.2,302.5,302.5,275.4,215.3
synthetic_0163,3121.244873046875,736.6312255859375,88.09291076660156,251.3,84.8,61.3,11.5,221.9,221.1,207.0,318.1,318.1,283.7,217.2
synthetic_0164,3167.376953125,783.9293823242188,93.06732940673828,258.1,86.8,66.2,13.8,228.9,242.7,210.9,305.9,305.9,277.8,220.7
synthetic_0165,2974.3369140625,947.3997192382812,99.185546875,248.6,97.0,66.8,15.7,237.1,229.2,225.5,338.6,338.6,295.2,244.7
synthetic_0166,-6441.5146484375,-139.052001953125,79.51622772216797,271.3,109.4,64.7,13.0,267.0,263.2,239.6,355.9,355.9,318.9,247.6
synthetic_0167,-6114.2412109375,-80.72946166992188,76.311767578125,252.1,102.4,60.2,10.4,245.8,251.6,223.8,308.5,308.5,284.8,208.4
synthetic_0168,-6079.2763671875,-117.63653564453125,73.03215789794922,249.9,97.4,60.6,13.6,236.5,243.9,231.8,319.5,319.5,295.7,229.5
synthetic_0169,2478.3876953125,-876.9428100585938,82.14981079101562,232.5,91.4,54.8,16.9,231.0,232.5,220.1,318.4,318.4,283.8,218.8
synthetic_0170,-6516.53759765625,-86.28468322753906,75.20391845703125,271.5,98.5,65.1,9.2,240.5,227.9,225.6,356.1,356.1,303.2,250.6
synthetic_0171,-6685.345703125,-116.94143676757812,80.25374603271484,280.9,102.3,70.3,7.1,258.7,250.1,239.7,328.5,328.5,302.3,229.5
synthetic_0172,2840.80126953125,701.2838745117188,82.4859390258789,237.0,78.3,58.2,9.7,198.6,210.9,194.7,287.1,287.1,269.1,211.0
synthetic_0173,-6183.9033203125,-80.65669250488281,74.06594848632812,254.3,98.7,59.4,12.7,242.4,237.0,228.6,320.0,320.0,291.7,194.6
synthetic_0174,3592.952392578125,703.9328002929688,92.977294921875,277.0,87.4,65.5,18.1,233.1,224.0,207.4,331.2,331.2,307.3,233.7
synthetic_0175,2589.12060546875,-890.0953369140625,83.30558776855469,236.0,86.2,55.4,14.9,223.5,210.1,200.3,300.7,300.7,261.2,219.7
synthetic_0176,2967.535888671875,-974.165283203125,88.8941879272461,255.9,90.0,61.1,9.7,222.3,227.1,205.2,289.6,289.6,253.0,198.0
synthetic_0177,2726.5341796875,882.0770263671875,93.19841766357422,240.9,86.4,69.0,14.2,224.9,223.6,208.0,313.4,313.4,290.1,217.3
synthetic_0178,3094.48095703125,812.0592651367188,93.58692932128906,251.6,91.5,63.9,10.8,230.3,233.5,214.8,330.4,330.4,295.9,227.0
synthetic_0179,3182.247314453125,-1073.9984130859375,98.83624267578125,270.2,99.7,66.2,14.5,260.9,247.2,242.2,320.0,320.0,299.5,234.3
synthetic_0180,3244.05126953125,827.1395263671875,95.31916046142578,259.4,94.3,65.1,12.7,233.2,236.4,224.7,314.4,314.4,276.0,228.1
synthetic_0181,3307.95947265625,938.7783813476562,104.29271697998047,265.9,100.7,70.7,15.1,252.7,260.7,242.5,347.2,347.2,304.6,238.5
synthetic_0182,3083.5224609375,-1044.060302734375,91.1153335571289,264.0,100.1,60.4,17.4,245.8,235.3,234.5,332.9,332.9,312.1,240.2
synthetic_0183,-6138.93701171875,-189.94583129882812,76.6778335571289,256.3,104.5,65.7,13.6,246.3,256.0,242.2,334.3,334.3,302.6,238.0
synthetic_0184,-5593.92529296875,1543.35009765625,66.09739685058594,233.6,80.7,61.2,3.0,213.4,215.4,214.1,307.5,307.5,274.0,218.2
synthetic_0185,3384.019775390625,881.3067626953125,102.79264831542969,269.2,98.2,71.4,11.0,250.1,262.5,248.6,369.7,369.7,321.0,250.8
synthetic_0186,-6385.009765625,-151.8363037109375,77.42349243164062,267.9,102.7,67.7,9.9,258.0,248.1,245.3,379.4,379.4,339.4,257.9
synthetic_0187,-5697.78857421875,38.943260192871094,61.44486618041992,225.4,82.4,52.7,5.1,221.6,220.0,211.0,307.8,307.8,286.0,210.7
synthetic_0188,-6386.33837890625,-95.64898681640625,74.74166870117188,265.6,98.4,65.1,8.3,232.2,235.6,223.2,310.6,310.6,281.2,202.4
synthetic_0189,-5904.60595703125,-108.3603515625,70.03804779052734,240.8,93.0,62.7,8.3,231.5,244.4,232.8,325.0,325.0,289.5,234.3
synthetic_0190,2930.635498046875,-1029.2574462890625,99.85029602050781,259.9,100.7,66.0,17.1,247.7,257.8,246.5,323.7,323.7,305.4,238.1
synthetic_0191,2576.60693359375,825.6661987304688,87.40132904052734,227.0,82.4,60.8,11.1,208.4,230.0,204.2,302.1,302.1,276.5,219.4
synthetic_0192,2915.647705078125,-2393.221435546875,102.9574966430664,272.2,102.7,70.1,13.8,254.9,259.5,244.7,358.5,358.5,319.4,245.0
synthetic_0193,3157.02783203125,930.3899536132812,99.95501708984375,257.7,96.5,65.6,22.4,237.2,248.0,239.5,343.4,343.4,300.2,242.2
synthetic_0194,2902.62158203125,863.9930419921875,93.34867858886719,242.8,89.7,62.3,16.2,228.9,244.5,225.7,333.7,333.7,298.0,223.5
synthetic_0195,2894.05517578125,840.5466918945312,92.80469512939453,244.6,87.2,65.4,12.0,225.6,233.3,224.4,307.8,307.8,281.6,229.3
synthetic_0196,3260.12158203125,846.7221069335938,99.13467407226562,262.2,94.0,68.3,11.4,236.2,235.7,233.4,340.3,340.3,311.2,270.2
synthetic_0197,-5712.81103515625,-10.3746337890625,62.864418029785156,227.1,82.3,55.0,7.9,203.2,206.8,187.2,302.0,302.0,276.4,213.4
synthetic_0198,3210.98046875,959.1386108398438,104.84127807617188,266.9,97.9,75.6,16.6,234.9,243.5,215.9,329.0,329.0,292.3,260.3
synthetic_0199,-6384.89990234375,-83.3663330078125,76.1634292602539,265.9,103.3,63.0,9.5,252.1,251.1,222.6,335.7,335.7,301.4,224.9
synthetic_0200,3002.180419921875,859.4391479492188,94.11958312988281,247.2,92.1,62.7,15.4,238.8,238.8,221.9,335.1,335.1,297.1,239.5
synthetic_0201,3399.090087890625,1014.2196044921875,110.01329040527344,273.3,108.8,76.2,12.5,264.2,272.2,252.9,339.6,339.6,308.8,243.8
synthetic_0202,3015.9638671875,-1002.3824462890625,90.21833801269531,258.0,92.6,60.0,13.6,235.8,239.5,241.7,337.7,337.7,294.3,219.9
synthetic_0203,3454.089111328125,-1136.2001953125,98.55036926269531,283.7,100.8,66.0,14.1,254.2,244.8,231.5,354.0,354.0,308.1,253.8
synthetic_0204,-6436.73876953125,-24.180221557617188,71.44688415527344,265.0,95.9,59.6,9.9,240.9,246.3,222.8,337.1,337.1,286.5,237.7
synthetic_0205,2763.340087890625,896.5108642578125,93.26494598388672,236.2,91.0,61.1,16.7,229.8,216.4,203.4,310.0,310.0,283.2,225.7
synthetic_0206,-6468.9072265625,-24.021026611328125,74.44779968261719,267.0,98.7,59.1,11.0,248.3,233.4,229.4,343.7,343.7,286.9,218.6
synthetic_0207,3578.705322265625,-1177.3046875,96.59877014160156,288.9,104.5,63.4,18.8,260.9,263.6,249.1,361.1,361.1,326.6,270.2
synthetic_0208,3444.835693359375,840.072021484375,100.09442138671875,273.2,93.8,69.6,19.2,251.4,250.6,245.2,366.6,366.6,316.4,248.1
synthetic_0209,-6164.74462890625,10.37579345703125,70.040283203125,251.2,91.9,59.4,3.0,228.7,231.1,214.3,347.6,347.6,319.6,240.9
synthetic_0210,3357.217041015625,970.9855346679688,106.95046997070312,270.7,102.6,73.5,15.6,258.1,267.4,246.7,364.6,364.6,319.9,261.0
synthetic_0211,-6576.630859375,-128.74307250976562,84.39640808105469,278.1,109.6,69.8,5.5,268.9,249.3,251.4,352.8,352.8,307.7,233.3
synthetic_0212,3023.401123046875,-1022.55224609375,95.15637969970703,261.0,97.6,63.5,13.7,262.0,262.6,253.4,367.4,367.4,324.4,230.3
synthetic_0213,-6147.9560546875,-88.95628356933594,72.77970886230469,253.3,99.4,60.0,12.0,237.3,250.2,238.0,344.0,344.0,306.9,238.9
synthetic_0214,2767.0498046875,730.07275390625,82.88186645507812,236.1,77.9,59.8,13.5,217.0,233.4,227.8,308.6,308.6,283.0,243.2
synthetic_0215,-6652.1220703125,-161.46961975097656,82.38970184326172,281.9,110.8,69.0,11.4,273.4,261.1,246.9,357.4,357.4,315.1,225.1
synthetic_0216,3369.0810546875,832.89697265625,97.76384735107422,265.2,95.6,66.4,13.7,240.4,250.6,222.1,332.7,332.7,294.5,217.7
synthetic_0217,-6382.50927734375,-123.75242614746094,79.60337829589844,268.0,106.0,67.3,6.5,261.9,247.1,239.1,324.9,324.9,292.5,231.4
synthetic_0218,2679.96875,-948.0475463867188,91.90093231201172,245.4,95.5,60.3,16.4,236.5,233.4,215.0,301.4,301.4,271.2,189.0
synthetic_0219,2907.53515625,849.49755859375,94.44208526611328,247.3,88.4,68.7,7.3,217.9,240.2,232.0,313.6,313.6,287.9,208.8
synthetic_0220,2462.782958984375,882.3041381835938,89.08287048339844,224.5,83.8,63.6,11.0,214.2,235.2,232.7,310.5,310.5,292.3,211.5
synthetic_0221,3519.85400390625,831.4392700195312,100.819580078125,274.2,97.0,68.6,13.6,240.9,238.4,228.9,345.5,345.5,309.0,249.9
synthetic_0222,2765.90380859375,987.9830932617188,97.9300537109375,239.8,94.4,64.4,23.4,229.5,236.9,228.2,328.3,328.3,292.1,238.2
synthetic_0223,2906.02783203125,855.445068359375,92.59542846679688,242.3,89.2,61.5,16.6,221.5,214.6,192.0,285.5,285.5,261.3,193.6
synthetic_0224,2977.27001953125,819.1981811523438,90.63493347167969,244.4,88.1,59.7,17.6,229.1,231.6,214.9,316.6,316.6,289.2,211.6
synthetic_0225,3159.333251953125,774.4428100585938,92.17170715332031,257.1,85.9,64.8,16.5,224.9,245.9,220.0,333.7,333.7,299.2,233.0
synthetic_0226,3132.290771484375,981.8820190429688,103.66661071777344,258.3,101.3,71.0,14.7,254.1,255.0,245.6,335.7,335.7,314.6,242.5
synthetic_0227,2359.354248046875,860.1951293945312,86.21562194824219,218.8,80.5,60.9,14.3,208.5,228.2,214.5,329.1,329.1,303.5,234.2
synthetic_0228,3487.01171875,876.7732543945312,100.91744995117188,272.1,100.0,65.4,20.7,251.4,258.5,242.4,337.6,337.6,312.9,244.3
synthetic_0229,2490.128173828125,900.5330810546875,91.02763366699219,227.1,85.0,65.2,12.2,203.9,236.7,220.9,311.4,311.4,288.5,222.2
synthetic_0230,3242.734375,-1114.0699462890625,103.96573638916016,276.2,105.8,70.2,15.5,258.7,270.1,244.2,333.9,333.9,304.7,244.5
synthetic_0231,3267.068603515625,897.1638793945312,100.93641662597656,263.5,97.0,69.3,14.3,240.8,245.9,246.5,316.4,316.4,273.1,228.1
synthetic_0232,3008.828125,753.0657958984375,88.54794311523438,249.0,82.8,63.7,11.7,205.6,224.2,219.6,335.5,335.5,298.6,248.8
synthetic_0233,-6717.1416015625,-170.72052001953125,84.68034362792969,285.4,112.1,67.5,15.4,273.4,254.8,248.5,380.9,380.9,346.4,264.8
synthetic_0234,-6201.49169921875,-66.86439514160156,73.96085357666016,255.2,97.8,60.9,9.1,249.6,256.4,231.2,352.5,352.5,318.9,245.8
synthetic_0235,3399.1962890625,972.0286865234375,107.25852966308594,273.6,102.5,74.3,16.8,260.0,259.8,261.1,358.8,358.8,307.5,248.1
synthetic_0236,-6637.2587890625,-103.65432739257812,77.67271423339844,277.8,105.0,61.4,17.5,253.7,261.0,242.9,354.2,354.2,309.0,231.0
synthetic_0237,-6159.7353515625,-6.9373016357421875,75.5042724609375,253.1,99.4,58.5,5.8,247.4,237.1,223.3,303.1,303.1,277.5,221.9
synthetic_0238,-5924.00146484375,-83.67060852050781,75.20404052734375,243.2,100.3,59.2,9.7,250.5,248.6,229.7,336.2,336.2,310.7,223.3
synthetic_0239,-6214.67041015625,-85.55654907226562,72.06327056884766,255.8,96.5,60.3,12.5,239.2,247.6,240.2,329.7,329.7,301.5,225.2
synthetic_0240,-6423.05126953125,-72.03604125976562,73.80560302734375,266.6,99.3,62.7,9.6,256.7,249.7,249.0,338.7,338.7,320.0,228.3
synthetic_0241,-5583.904296875,-56.34752655029297,68.26763916015625,223.9,91.7,54.1,11.0,217.5,223.4,202.9,305.8,305.8,269.7,202.1
synthetic_0242,3112.38916015625,762.7193603515625,90.02911376953125,250.5,86.8,60.9,13.2,222.3,224.3,212.3,312.3,312.3,290.2,215.4
synthetic_0243,3291.4091796875,921.5382080078125,101.84867858886719,264.8,97.9,67.8,20.4,248.9,239.3,232.4,347.6,347.6,316.9,239.0
synthetic_0244,-5790.5361328125,23.982955932617188,64.9440689086914,231.0,88.2,51.5,9.8,227.6,207.3,192.5,290.8,290.8,263.0,210.6
synthetic_0245,3176.04345703125,-1096.3455810546875,103.60881042480469,272.9,104.5,69.0,16.2,250.9,262.7,235.9,360.0,360.0,321.0,249.9
synthetic_0246,3274.79541015625,717.1581420898438,89.74263763427734,263.4,83.7,66.3,13.5,226.0,237.2,221.1,315.5,315.5,285.6,226.9
synthetic_0247,-6236.56103515625,-111.94404602050781,76.69081115722656,259.3,102.6,61.0,13.6,257.3,238.6,231.3,323.9,323.9,286.9,223.2
synthetic_0248,-6885.0859375,-58.62860107421875,76.27894592285156,288.1,100.5,66.3,9.3,268.0,255.5,243.1,345.5,345.5,310.7,265.4
synthetic_0249,3613.6103515625,861.1577758789062,104.63238525390625,280.4,100.0,72.3,12.1,242.0,258.6,248.7,357.5,357.5,318.0,263.7
synthetic_0250,-6387.4482421875,-53.75335693359375,69.63863372802734,263.2,96.5,59.1,13.1,248.8,233.1,229.2,338.5,338.5,308.0,224.7
synthetic_0251,2604.50927734375,837.120361328125,87.84053802490234,228.7,83.9,61.7,10.3,209.8,206.5,211.6,315.2,315.2,287.4,229.1
synthetic_0252,3108.005126953125,894.2759399414062,96.80699157714844,252.3,94.0,61.7,23.3,238.8,238.1,228.7,320.3,320.3,281.5,227.2
synthetic_0253,3214.81396484375,-1100.3543701171875,102.84880828857422,274.8,104.5,69.2,14.7,257.2,255.0,237.6,362.2,362.2,317.8,247.9
synthetic_0254,3213.39208984375,-1105.920166015625,106.16506958007812,275.4,106.3,71.3,14.1,264.4,261.5,244.8,365.2,365.2,317.7,247.2
synthetic_0255,-5771.61962890625,-104.59274291992188,72.64727783203125,258.4,105.9,57.5,13.4,242.1,235.6,222.1,316.8,316.8,287.0,214.7
synthetic_0256,2650.563720703125,932.1915893554688,94.63461303710938,231.4,91.7,62.2,15.9,214.9,230.3,219.7,298.7,298.7,269.6,233.5
synthetic_0257,-6360.7802734375,1795.324462890625,88.52790832519531,289.6,98.9,81.8,13.6,264.5,280.6,251.4,371.5,371.5,335.5,272.7
synthetic_0258,3033.872314453125,-2445.798828125,103.986572265625,277.1,103.7,68.5,18.9,261.0,267.2,244.3,336.5,336.5,300.1,246.7
synthetic_0259,3363.16015625,975.3126831054688,107.35905456542969,273.3,101.2,74.2,20.9,255.5,257.5,254.2,346.3,346.3,306.7,242.1
synthetic_0260,2250.205322265625,-2040.4207763671875,89.21932983398438,231.3,90.9,55.7,23.5,215.6,213.1,207.8,321.4,321.4,291.0,203.0
synthetic_0261,-6065.97998046875,5.2457427978515625,63.60582733154297,244.9,86.7,53.6,11.8,206.1,198.9,188.9,288.3,288.3,262.8,207.6
synthetic_0262,3092.532470703125,-1075.3900146484375,100.84477233886719,269.4,106.6,67.8,15.6,261.8,263.6,244.2,340.3,340.3,310.4,241.7
synthetic_0263,2759.25537109375,-939.3767700195312,86.85258483886719,245.1,88.9,56.6,15.7,225.7,219.3,216.1,301.8,301.8,282.2,207.5
synthetic_0264,2971.58056640625,920.673583984375,97.96754455566406,249.5,94.1,67.7,14.0,227.3,243.5,222.5,349.6,349.6,296.9,247.8
synthetic_0265,3096.262939453125,-2659.37255859375,116.9487075805664,289.9,115.9,80.2,13.0,285.8,284.3,268.4,350.2,350.2,311.4,267.2
synthetic_0266,-6492.29541015625,-79.19731140136719,75.05863952636719,270.3,102.4,62.1,12.1,246.7,252.0,245.1,351.2,351.2,296.8,223.9
synthetic_0267,3151.72802734375,-2454.609375,102.24829864501953,280.9,102.6,66.7,20.8,265.1,261.9,244.6,351.3,351.3,325.1,250.4
synthetic_0268,-6409.4853515625,-145.9554443359375,76.76463317871094,269.0,106.6,62.8,16.5,255.0,233.6,211.0,316.7,316.7,286.3,222.6
synthetic_0269,3825.0595703125,846.3690795898438,105.46485900878906,290.0,101.2,71.5,16.6,253.4,257.1,229.7,362.9,362.9,338.2,257.2
synthetic_0270,3248.5341796875,-1089.0057373046875,100.5884780883789,274.2,102.0,68.3,12.2,254.8,258.4,236.4,342.0,342.0,323.8,244.1
synthetic_0271,3410.62255859375,-1129.3304443359375,104.30827331542969,283.1,104.4,71.5,10.1,257.4,261.6,257.3,360.9,360.9,323.7,271.9
synthetic_0272,-6115.49462890625,-129.0560302734375,82.16302490234375,255.5,108.3,63.1,10.3,246.7,268.1,252.3,343.9,343.9,311.5,260.3
synthetic_0273,-5747.5224609375,0.267333984375,65.84465026855469,229.9,85.7,56.5,3.8,223.6,221.0,215.3,342.3,342.3,303.8,233.3
synthetic_0274,3025.238037109375,-2364.35107421875,99.55023193359375,273.5,99.1,65.5,18.2,251.9,235.4,218.1,352.9,352.9,309.0,240.3
synthetic_0275,-6219.83447265625,-41.87406921386719,76.03657531738281,256.7,100.2,59.1,9.3,245.9,241.3,233.1,318.0,318.0,294.4,227.2
synthetic_0276,-6279.03515625,-95.04669189453125,71.17024993896484,258.9,96.6,61.5,12.7,249.2,244.9,224.9,329.7,329.7,294.8,232.5
synthetic_0277,3239.871337890625,1023.7642822265625,107.66461181640625,265.5,104.0,72.8,19.1,248.1,252.4,237.0,326.6,326.6,292.5,235.1
synthetic_0278,2873.663818359375,900.4194946289062,95.32473754882812,245.0,90.6,66.7,14.4,246.6,251.0,232.3,337.6,337.6,306.3,258.5
synthetic_0279,-5919.16845703125,-97.67897033691406,73.36909484863281,242.0,95.7,62.4,6.7,239.6,251.4,226.6,325.4,325.4,289.0,239.3
synthetic_0280,3027.011962890625,796.1615600585938,92.22578430175781,248.5,87.7,63.3,11.0,222.9,235.2,210.6,311.3,311.3,288.2,233.5
synthetic_0281,2659.59765625,-955.8570556640625,90.87615966796875,245.1,97.2,59.0,19.5,228.5,244.3,221.6,351.2,351.2,305.6,232.8
synthetic_0282,-6426.509765625,-189.13214111328125,80.58554077148438,269.9,106.3,67.6,14.5,263.2,263.9,237.8,338.6,338.6,313.1,255.9
synthetic_0283,2866.28662109375,-2376.0869140625,103.881103515625,269.9,102.3,70.7,12.3,252.5,251.1,227.9,344.3,344.3,313.1,250.8
synthetic_0284,2954.354248046875,-1027.705810546875,98.65640258789062,260.7,100.6,65.5,15.4,242.1,250.0,239.0,327.1,327.1,290.1,227.3
synthetic_0285,2722.2490234375,971.5711669921875,97.38197326660156,237.2,96.2,65.0,15.3,247.5,250.0,257.1,333.2,333.2,296.0,240.7
synthetic_0286,3317.20703125,970.3621826171875,107.62208557128906,270.9,100.6,75.1,16.6,254.3,256.2,244.3,340.4,340.4,300.9,273.9
synthetic_0287,3157.75537109375,739.668701171875,89.00975036621094,252.0,87.1,60.1,12.4,229.6,234.2,225.2,319.9,319.9,282.1,215.8
synthetic_0288,2784.56640625,838.00537109375,90.8470458984375,240.7,84.6,65.0,15.9,226.8,234.8,225.7,304.7,304.7,275.8,225.1
synthetic_0289,-6413.51708984375,-20.7843017578125,69.42530822753906,263.0,93.4,59.4,9.9,241.2,241.9,217.5,318.1,318.1,287.3,207.0
synthetic_0290,2282.679931640625,-1914.16162109375,85.02422332763672,232.1,83.6,59.1,7.4,213.9,227.9,202.2,314.7,314.7,280.2,211.7
synthetic_0291,3474.724853515625,940.747314453125,106.18609619140625,276.5,101.5,73.5,17.2,252.7,264.3,248.3,360.2,360.2,322.2,257.7
synthetic_0292,3326.980712890625,883.282958984375,101.33888244628906,268.6,95.1,71.1,16.7,234.6,255.2,252.6,359.7,359.7,317.5,239.5
synthetic_0293,-5646.70751953125,-24.86901092529297,66.08553314208984,224.8,86.7,55.0,7.6,215.1,223.0,198.1,308.0,308.0,269.7,217.2
synthetic_0294,2939.158447265625,961.458251953125,100.00447845458984,248.2,96.2,67.4,16.8,244.2,241.7,237.3,320.4,320.4,289.9,235.6
synthetic_0295,3074.1787109375,-1030.010009765625,90.64710235595703,262.3,93.8,59.9,16.2,239.0,246.3,229.9,321.1,321.1,286.1,225.1
synthetic_0296,-5973.73388671875,-84.40396881103516,75.47711181640625,245.4,101.0,58.9,11.0,242.1,233.0,225.2,340.9,340.9,308.5,208.1
synthetic_0297,2931.48095703125,-1003.5945434570312,92.550048828125,255.8,94.4,60.8,17.1,234.3,235.0,219.5,296.1,296.1,277.8,192.3
synthetic_0298,2781.80859375,919.6180419921875,95.4189453125,243.3,89.6,68.7,17.0,224.3,248.6,222.7,334.3,334.3,309.3,238.0
synthetic_0299,2373.447021484375,-2033.5980224609375,89.9307861328125,238.8,89.1,61.6,10.7,228.3,228.0,220.6,324.1,324.1,288.5,228.2
synthetic_0300,2946.912353515625,-1074.6751708984375,109.34625244140625,266.0,110.2,71.3,18.7,283.8,286.1,269.7,369.9,369.9,329.7,256.9
synthetic_0301,3379.53759765625,901.7815551757812,101.91621398925781,267.6,99.2,67.5,18.5,253.9,254.4,234.3,359.6,359.6,309.0,244.7
synthetic_0302,3170.12255859375,958.102783203125,101.58937072753906,259.3,101.3,69.2,15.5,252.4,258.2,236.3,337.8,337.8,303.6,222.8
synthetic_0303,2801.72509765625,-956.2691040039062,91.2314453125,249.7,94.2,61.8,11.9,238.0,230.8,208.0,320.4,320.4,299.4,231.6
synthetic_0304,2696.296630859375,836.3142700195312,89.39591217041016,231.3,86.4,59.8,12.9,221.9,220.1,209.8,319.3,319.3,280.5,217.2
synthetic_0305,-5401.51513671875,18.813133239746094,58.719696044921875,210.0,77.1,51.6,6.3,198.8,202.6,174.8,289.9,289.9,269.1,186.6
synthetic_0306,3193.5986328125,863.7942504882812,97.21653747558594,257.0,95.0,65.8,14.2,237.0,230.5,209.2,315.0,315.0,280.5,229.4
synthetic_0307,3126.058837890625,794.9403076171875,91.26648712158203,251.7,89.6,61.9,13.8,231.5,248.9,224.7,333.4,333.4,299.4,226.5
synthetic_0308,-5788.068359375,41.66667938232422,63.790687561035156,229.9,84.4,53.8,4.3,208.5,202.5,199.4,303.3,303.3,273.5,191.4
synthetic_0309,2475.181640625,-2164.631103515625,96.75617980957031,248.0,95.4,66.2,10.8,243.8,235.9,215.5,341.4,341.4,306.7,237.2
synthetic_0310,2459.275146484375,708.56884765625,77.11699676513672,218.8,72.8,55.8,9.8,188.1,199.4,188.8,304.0,304.0,281.6,211.9
synthetic_0311,2834.311279296875,-1023.7230224609375,95.28001403808594,254.5,101.1,60.3,23.8,247.3,250.7,239.2,361.2,361.2,309.4,257.2
synthetic_0312,-6121.0810546875,-78.88998413085938,69.33391571044922,250.6,94.8,57.9,14.3,230.3,232.0,217.1,353.3,353.3,311.8,237.3
synthetic_0313,-6060.591796875,-124.2080078125,73.15605926513672,250.1,99.8,62.1,11.3,248.8,243.8,230.6,314.5,314.5,297.0,230.4
synthetic_0314,3680.8837890625,830.5563354492188,103.11229705810547,281.6,100.5,70.9,11.4,253.3,262.0,245.1,327.9,327.9,289.0,242.1
synthetic_0315,-6853.4697265625,-159.90179443359375,83.26742553710938,292.0,115.5,65.1,19.9,282.8,261.4,249.0,371.3,371.3,321.1,257.8
synthetic_0316,2402.247802734375,869.9981689453125,86.92152404785156,219.8,82.5,60.9,12.2,206.3,225.9,216.4,328.3,328.3,299.7,237.6
synthetic_0317,-6285.70849609375,-105.70401000976562,73.20655059814453,261.1,98.3,64.6,8.8,237.6,239.0,227.7,347.6,347.6,317.2,254.1
synthetic_0318,2811.7255859375,-995.701904296875,96.84992980957031,252.5,98.0,62.8,18.3,244.9,237.5,227.6,347.6,347.6,313.6,246.1
synthetic_0319,-5902.1328125,-9.389015197753906,69.90239715576172,238.7,92.8,54.8,9.0,235.2,233.7,218.4,327.6,327.6,295.6,228.6
synthetic_0320,-5995.2998046875,-53.07890319824219,69.52264404296875,244.0,92.2,60.4,6.3,223.6,240.3,225.5,301.6,301.6,276.1,231.8
synthetic_0321,2772.57470703125,-990.59375,98.31273651123047,253.3,101.9,65.7,15.5,237.4,253.2,232.3,339.7,339.7,307.0,244.7
synthetic_0322,-6160.443359375,-110.93626403808594,73.6812515258789,253.9,97.4,62.9,10.6,251.5,257.4,234.0,345.6,345.6,304.3,248.8
synthetic_0323,-5633.462890625,-93.54951477050781,67.78401184082031,227.2,91.0,57.2,10.8,225.2,232.9,211.6,324.8,324.8,284.2,220.2
synthetic_0324,-6556.54638671875,-233.75033569335938,85.47967529296875,280.2,113.1,73.4,10.9,274.7,282.8,268.1,375.6,375.6,333.9,260.6
synthetic_0325,2082.282470703125,-1929.103271484375,86.50630950927734,223.9,86.8,58.0,13.9,206.8,222.6,223.0,307.6,307.6,279.0,237.7
synthetic_0326,-5909.89404296875,-49.058692932128906,69.64447784423828,238.9,91.3,57.3,9.7,226.1,238.0,235.0,328.2,328.2,312.2,226.2
synthetic_0327,2869.2724609375,808.0968627929688,89.86997985839844,246.7,83.6,67.5,17.6,237.8,232.2,231.9,332.1,332.1,285.2,247.7
synthetic_0328,3421.84326171875,882.07958984375,102.14411163330078,270.0,100.7,70.2,11.8,247.3,249.6,221.2,352.8,352.8,308.9,249.9
synthetic_0329,-6130.08935546875,-77.94865417480469,73.72308349609375,251.9,96.4,61.0,9.3,245.3,242.4,244.4,331.1,331.1,307.4,239.9
synthetic_0330,-6401.81201171875,-150.29522705078125,78.03286743164062,269.0,106.7,65.0,13.4,256.5,245.8,233.0,354.6,354.6,307.2,229.1
synthetic_0331,3454.27294921875,-1147.3841552734375,99.83132934570312,285.1,105.6,68.2,13.7,251.8,265.3,243.4,367.9,367.9,337.2,260.5
synthetic_0332,2859.853515625,-2425.751220703125,105.00288391113281,271.2,105.0,70.7,16.3,255.7,276.2,246.8,353.2,353.2,319.6,247.5
synthetic_0333,-6357.1064453125,-54.02398681640625,72.6695556640625,261.9,97.2,59.1,12.7,234.2,220.1,214.4,326.7,326.7,295.8,206.3
synthetic_0334,-5731.75,-87.70677947998047,73.73870086669922,233.1,98.5,55.5,13.9,228.8,231.9,213.8,321.7,321.7,286.6,209.8
synthetic_0335,3186.760498046875,858.8694458007812,96.9840316772461,261.1,91.5,66.9,24.3,245.1,254.8,236.5,310.9,310.9,292.7,219.0
synthetic_0336,-6035.8896484375,-11.766609191894531,69.30392456054688,244.5,91.3,57.3,7.2,227.9,220.2,205.4,306.5,306.5,275.4,209.8
synthetic_0337,2856.779052734375,-2306.43408203125,99.19944763183594,266.8,99.0,65.6,15.8,251.7,250.8,237.1,327.2,327.2,301.6,237.8
synthetic_0338,2793.770751953125,-2324.44091796875,99.66313171386719,264.3,100.4,66.6,16.8,254.7,262.9,243.9,365.0,365.0,329.5,256.6
synthetic_0339,3158.797119140625,903.0408325195312,98.5579833984375,260.7,93.9,68.1,25.4,236.4,246.6,227.2,331.7,331.7,290.4,229.3
synthetic_0340,-5784.771484375,5.3485107421875,60.728267669677734,229.2,82.9,50.9,13.0,230.5,219.9,197.5,321.4,321.4,300.4,212.2
synthetic_0341,2929.1416015625,876.1773071289062,94.45779418945312,245.6,91.6,65.1,12.5,227.2,234.4,210.5,318.2,318.2,287.0,235.0
synthetic_0342,2969.10009765625,-1043.1995849609375,99.94816589355469,261.7,101.1,65.6,18.4,254.5,259.1,249.2,351.9,351.9,306.4,249.4
synthetic_0343,-6362.25048828125,-93.39276123046875,78.70873260498047,265.9,105.1,63.1,9.9,257.4,253.3,225.0,337.3,337.3,301.1,248.0
synthetic_0344,3826.294677734375,816.5469970703125,103.20547485351562,287.9,100.7,69.8,15.2,269.1,260.8,243.5,374.0,374.0,338.6,245.9
synthetic_0345,3207.656494140625,736.918701171875,88.40000915527344,253.6,86.6,58.9,15.7,225.0,223.6,206.9,316.6,316.6,291.5,193.8
synthetic_0346,2645.162353515625,-924.336181640625,90.67564392089844,242.2,92.2,60.9,14.2,231.2,232.6,215.7,321.6,321.6,283.1,221.8
synthetic_0347,-6181.23291015625,-208.6610107421875,76.8248062133789,259.7,105.5,64.5,17.4,261.4,259.6,242.6,338.2,338.2,310.7,240.6
synthetic_0348,3303.08251953125,813.64453125,93.35121154785156,260.5,91.8,61.0,21.4,233.5,229.3,229.5,330.8,330.8,294.0,226.0
synthetic_0349,3137.40234375,791.8941040039062,92.14225769042969,253.6,88.1,63.0,14.3,240.9,241.0,209.3,340.5,340.5,307.6,223.9
synthetic_0350,-6468.67919921875,-53.246063232421875,72.18002319335938,266.7,95.9,60.9,11.7,242.6,224.8,209.4,322.8,322.8,294.2,212.1
synthetic_0351,3323.31982421875,859.7666625976562,101.36402130126953,268.8,94.3,73.7,8.6,235.9,250.4,245.6,346.3,346.3,308.3,241.1
synthetic_0352,2859.62109375,-947.9754638671875,86.30177307128906,248.1,87.1,56.8,13.5,216.0,221.4,199.3,314.1,314.1,293.6,220.8
synthetic_0353,3059.41552734375,-2369.650634765625,101.00960540771484,277.7,99.6,69.3,10.9,249.3,249.9,230.4,320.7,320.7,276.7,219.9
synthetic_0354,3478.1533203125,764.3522338867188,93.96704864501953,267.3,91.6,60.7,20.1,232.2,235.7,227.3,331.6,331.6,298.0,215.3
synthetic_0355,3802.774658203125,-1208.3341064453125,100.56076049804688,298.5,102.4,69.1,11.0,252.0,262.4,263.1,345.6,345.6,296.5,243.7
synthetic_0356,3062.710205078125,847.146240234375,93.61372375488281,251.1,91.0,64.0,14.8,233.6,235.7,214.1,333.1,333.1,305.1,241.1
synthetic_0357,2583.121337890625,-842.7071533203125,80.0806884765625,232.1,80.4,55.3,7.2,215.0,218.1,214.1,318.0,318.0,294.0,223.7
synthetic_0358,-6162.8642578125,-181.86375427246094,78.23523712158203,257.7,104.4,65.8,12.6,245.4,256.0,247.8,342.9,342.9,291.8,239.0
synthetic_0359,2980.229248046875,922.39111328125,99.10441589355469,255.8,92.2,74.0,14.9,233.8,248.7,216.0,325.5,325.5,287.6,228.0
synthetic_0360,-6548.85400390625,-235.71327209472656,82.82481384277344,279.0,111.0,72.2,13.5,266.2,263.2,241.1,333.5,333.5,294.9,225.6
synthetic_0361,3150.8486328125,954.890869140625,104.0269546508789,260.3,98.8,72.5,12.4,248.2,259.4,239.3,354.9,354.9,318.1,250.8
synthetic_0362,2898.2216796875,-947.6986083984375,87.479736328125,250.4,87.0,59.3,10.0,217.3,224.6,220.5,307.6,307.6,270.4,212.3
synthetic_0363,2691.28662109375,-943.8232421875,89.26707458496094,244.6,95.3,59.2,16.3,232.1,229.9,208.9,324.1,324.1,292.1,244.5
synthetic_0364,3104.77734375,-2440.500244140625,103.11701965332031,281.1,103.1,68.6,16.6,251.8,263.9,248.1,355.8,355.8,328.2,253.6
synthetic_0365,2772.599609375,-991.5902709960938,100.82765197753906,254.6,103.4,68.6,12.9,249.6,257.7,243.2,315.8,315.8,282.7,221.7
synthetic_0366,2685.40869140625,-938.9197387695312,91.11415100097656,245.4,95.8,61.5,13.5,226.8,229.9,221.8,322.4,322.4,291.7,249.1
synthetic_0367,3198.71337890625,814.8671264648438,94.00833892822266,256.2,92.5,63.5,13.7,233.8,237.2,212.6,313.4,313.4,282.9,215.8
synthetic_0368,3080.0673828125,905.638427734375,98.56605529785156,253.5,95.5,67.5,13.6,241.5,243.4,233.7,340.1,340.1,307.8,246.8
synthetic_0369,3104.09228515625,907.4925537109375,98.25382232666016,254.8,96.9,68.6,11.6,236.9,247.3,234.1,321.6,321.6,289.5,211.6
synthetic_0370,3113.22509765625,876.2604370117188,96.09576416015625,252.7,94.1,62.9,18.7,227.3,228.4,197.1,308.0,308.0,276.0,227.7
synthetic_0371,3181.3427734375,-1092.5665283203125,100.15985107421875,271.3,101.7,66.3,18.2,252.0,247.2,221.7,334.0,334.0,314.5,236.6
synthetic_0372,-5744.7333984375,1606.734375,68.35277557373047,243.3,85.6,63.4,6.1,225.6,236.6,223.8,325.2,325.2,293.2,221.5
synthetic_0373,-6786.67919921875,-155.7322235107422,83.21839141845703,288.3,105.3,74.8,6.4,273.0,283.4,262.5,378.7,378.7,333.0,272.4
synthetic_0374,2815.5087890625,887.941650390625,94.32447814941406,242.6,88.3,65.9,17.3,220.7,227.1,209.3,319.9,319.9,291.4,236.6
synthetic_0375,-6152.36376953125,-139.3395233154297,75.82014465332031,255.0,101.0,63.2,12.4,238.7,251.0,227.6,336.3,336.3,295.4,228.5
synthetic_0376,-6651.9990234375,-146.20703125,77.40481567382812,280.3,105.5,65.7,15.4,258.7,284.0,261.2,362.9,362.9,310.5,250.3
synthetic_0377,-6901.208984375,-81.02070617675781,78.54713439941406,290.8,107.4,65.0,12.7,275.5,268.0,246.7,349.2,349.2,317.9,255.6
synthetic_0378,-6560.439453125,-56.53764343261719,77.91017150878906,274.6,104.8,63.2,8.4,260.3,243.6,232.4,339.3,339.3,300.0,234.6
synthetic_0379,2987.4072265625,-1051.869873046875,103.42835998535156,265.2,104.7,69.4,14.8,249.6,247.9,231.0,341.4,341.4,291.2,232.9
synthetic_0380,3293.867919921875,-1136.2681884765625,98.79608917236328,277.2,103.8,63.3,23.0,255.8,256.8,244.6,337.7,337.7,318.5,248.3
synthetic_0381,3161.262939453125,-1086.390625,96.92391967773438,270.6,104.1,63.7,18.7,248.6,252.1,224.6,312.5,312.5,277.8,200.9
synthetic_0382,2933.8720703125,-1058.5531005859375,108.3542709350586,265.8,110.5,73.1,14.2,263.3,277.4,264.9,350.5,350.5,316.1,259.8
synthetic_0383,3014.824951171875,947.8445434570312,100.0045166015625,254.2,94.8,69.7,19.1,241.8,264.5,239.6,364.7,364.7,346.0,247.9
synthetic_0384,2907.1025390625,943.327880859375,97.91170501708984,244.7,94.4,63.6,20.8,228.9,245.3,236.2,331.7,331.7,308.0,249.1
synthetic_0385,3081.548095703125,-1055.20068359375,100.41658782958984,266.8,100.9,67.8,14.0,254.4,256.3,234.2,326.7,326.7,298.0,234.0
synthetic_0386,2968.59033203125,-1037.572021484375,96.25469970703125,260.2,100.1,62.9,19.1,244.0,242.8,233.4,305.1,305.1,284.5,203.2
synthetic_0387,-6512.904296875,-199.86703491210938,81.87269592285156,275.7,110.7,67.8,15.6,273.2,266.5,258.4,343.9,343.9,304.5,246.8
synthetic_0388,-6619.04052734375,-62.36761474609375,75.86103820800781,276.4,102.1,63.6,9.5,256.5,265.9,249.9,351.2,351.2,312.5,239.0
synthetic_0389,-5492.19970703125,-32.22022247314453,64.69625854492188,240.0,97.9,50.7,13.9,230.8,223.2,226.3,302.8,302.8,274.3,211.5
synthetic_0390,3090.680419921875,760.218994140625,88.78772735595703,248.9,85.5,58.6,17.3,222.8,228.6,213.1,318.1,318.1,282.7,213.6
synthetic_0391,3301.80322265625,-1096.5548095703125,98.88542175292969,275.3,99.0,66.0,14.2,249.8,251.8,252.7,339.8,339.8,310.4,243.8
synthetic_0392,2924.27490234375,-1003.0529174804688,95.6959228515625,257.2,97.8,64.6,13.3,246.5,243.7,223.5,367.8,367.8,329.0,238.3
synthetic_0393,3249.25,821.068115234375,94.97836303710938,258.5,92.1,62.8,17.3,238.1,244.2,215.3,349.8,349.8,325.2,252.5
synthetic_0394,3385.84814453125,824.3172607421875,97.53890991210938,266.4,95.2,67.1,12.3,242.6,243.9,214.6,347.5,347.5,308.3,236.4
synthetic_0395,-6415.97802734375,-11.532470703125,69.26667022705078,262.7,93.7,56.2,13.8,240.5,232.1,212.9,322.6,322.6,286.9,212.1
synthetic_0396,3467.08154296875,888.833984375,102.18113708496094,271.0,99.3,65.8,21.7,251.3,255.3,236.6,326.2,326.2,304.3,238.8
synthetic_0397,-5825.65380859375,-155.3877410888672,47.357025146484375,253.4,94.5,66.8,7.7,233.2,231.3,233.4,327.4,327.4,286.9,234.4
synthetic_0398,-5667.00048828125,1613.025146484375,78.40083312988281,248.4,86.6,70.3,15.6,229.4,235.7,227.0,319.9,319.9,292.2,217.9
synthetic_0399,3649.1474609375,941.0054321289062,109.98929595947266,283.9,106.6,76.1,11.9,258.3,257.0,245.1,346.8,346.8,304.2,239.7
synthetic_0400,3175.10400390625,840.2734985351562,93.78205108642578,255.7,93.5,61.3,19.0,234.9,247.4,226.0,334.6,334.6,289.4,243.9
synthetic_0401,-6167.55615234375,-103.22793579101562,74.54400634765625,254.2,99.3,61.1,12.2,236.6,248.7,233.7,342.0,342.0,312.0,244.4
synthetic_0402,2529.406494140625,-866.4641723632812,82.91099548339844,232.1,84.2,54.6,14.1,215.7,206.6,197.9,283.1,283.1,247.0,200.7
synthetic_0403,-6226.4521484375,-240.91632080078125,82.02064514160156,263.0,108.4,70.2,13.0,264.7,256.6,236.3,337.7,337.7,307.3,233.9
synthetic_0404,3186.37255859375,833.5783081054688,95.99259948730469,258.2,91.2,66.3,13.9,244.1,246.1,225.5,327.5,327.5,300.4,239.2
synthetic_0405,3722.95556640625,-1222.154541015625,106.83834838867188,298.9,107.6,72.8,13.5,271.4,272.6,255.3,375.0,375.0,341.7,270.6
synthetic_0406,-5766.29833984375,1694.13134765625,81.1285629272461,256.3,94.5,74.5,12.0,241.9,248.1,246.2,345.4,345.4,312.7,255.5
synthetic_0407,2703.213134765625,-956.482177734375,95.71394348144531,247.6,97.1,64.4,14.2,238.0,247.1,232.4,328.4,328.4,307.9,225.0
synthetic_0408,3200.82177734375,927.4317626953125,103.04396057128906,263.8,97.1,73.4,11.6,240.3,244.1,232.6,314.4,314.4,270.3,233.5
synthetic_0409,2956.41015625,801.0606079101562,91.86004638671875,247.9,85.6,66.6,8.5,229.4,230.1,229.8,330.7,330.7,291.9,241.5
synthetic_0410,3021.936767578125,899.18603515625,97.26445007324219,252.0,93.8,68.7,11.2,237.0,252.8,240.1,333.2,333.2,288.4,228.0
synthetic_0411,3278.51123046875,891.7625732421875,99.64826965332031,262.0,97.4,66.0,18.0,235.3,240.9,228.2,325.7,325.7,296.3,234.2
synthetic_0412,3766.45947265625,832.787353515625,104.88363647460938,287.3,99.0,70.9,16.7,248.5,255.2,231.0,358.8,358.8,320.1,233.6
synthetic_0413,-5899.08984375,-46.749420166015625,72.18256378173828,239.9,93.5,61.0,3.0,239.0,239.3,219.0,336.7,336.7,299.8,236.2
synthetic_0414,3368.629638671875,-1179.0025634765625,109.80525207519531,287.1,115.2,73.5,17.5,281.6,271.6,262.6,352.2,352.2,313.5,257.4
synthetic_0415,3178.75537109375,695.7933959960938,87.05923461914062,258.5,81.0,64.6,16.0,223.9,228.1,227.7,331.8,331.8,302.9,237.6
synthetic_0416,2904.561767578125,703.3472290039062,82.3275375366211,241.1,78.3,58.2,15.0,208.0,219.9,207.0,327.0,327.0,296.5,230.4
synthetic_0417,3695.364501953125,803.7667846679688,100.24026489257812,282.3,96.2,67.8,17.9,259.5,258.4,240.9,364.8,364.8,321.7,254.5
synthetic_0418,3168.35009765625,-1119.086669921875,107.67066955566406,276.8,113.1,72.8,15.6,269.6,278.1,257.7,355.7,355.7,329.2,246.7
synthetic_0419,2905.795654296875,952.5714721679688,100.02247619628906,249.1,94.2,71.2,12.9,231.8,241.1,238.4,288.3,288.3,282.4,228.2
synthetic_0420,2806.7607421875,861.44970703125,90.23131561279297,237.5,89.5,60.5,15.7,237.0,241.3,221.8,333.6,333.6,294.4,212.9
synthetic_0421,2505.709716796875,-845.7169799804688,79.62448120117188,229.6,82.3,53.2,12.2,202.8,182.7,173.7,276.1,276.1,262.3,187.4
synthetic_0422,-6472.68115234375,-144.4524383544922,75.79806518554688,271.6,101.3,67.7,11.1,251.7,247.3,235.9,332.9,332.9,307.5,243.1
synthetic_0423,-6068.9736328125,-101.65015411376953,72.10191345214844,248.8,94.4,62.5,9.6,235.2,233.1,214.0,300.8,300.8,278.2,208.6
synthetic_0424,3916.35986328125,1048.915283203125,119.69979858398438,299.8,115.7,80.0,20.2,295.1,289.4,252.8,370.1,370.1,331.9,268.0
synthetic_0425,3006.46484375,-2460.676025390625,107.09109497070312,279.2,106.0,73.1,11.8,254.2,273.8,253.0,344.2,344.2,305.9,242.7
synthetic_0426,2794.560791015625,734.0679931640625,84.60773468017578,234.4,80.9,58.2,9.6,219.4,223.6,212.4,305.8,305.8,279.8,220.9
synthetic_0427,2813.55908203125,-1001.565673828125,97.39373779296875,254.9,101.3,64.5,16.6,242.6,233.4,225.8,335.5,335.5,302.0,232.2
synthetic_0428,2641.921875,-919.9735717773438,92.31307983398438,242.6,94.4,63.3,10.8,240.6,236.3,219.7,348.9,348.9,308.2,242.6
synthetic_0429,3302.958251953125,676.0538330078125,88.67658233642578,259.2,82.9,60.4,12.6,220.2,224.0,220.3,313.9,313.9,286.6,218.2
synthetic_0430,-5786.31494140625,1682.3900146484375,77.59507751464844,253.8,93.8,73.1,6.1,235.2,247.4,224.6,347.0,347.0,308.9,246.2
synthetic_0431,2897.974609375,-987.0346069335938,94.06285095214844,254.6,95.0,63.7,12.6,239.4,247.9,222.1,312.4,312.4,292.4,227.0
synthetic_0432,3220.095703125,860.6842041015625,98.50440979003906,265.2,91.8,73.4,12.8,240.1,256.6,230.0,335.4,335.4,320.6,248.8
synthetic_0433,-6656.9638671875,-215.26150512695312,84.84564971923828,284.1,112.0,72.7,11.6,278.3,264.9,264.5,349.9,349.9,315.5,260.6
synthetic_0434,-6139.4296875,-52.31871032714844,74.7955322265625,252.4,98.6,60.3,7.6,240.4,239.8,223.8,340.4,340.4,309.0,236.3
synthetic_0435,2626.3896484375,797.282470703125,85.45206451416016,229.7,80.2,58.1,19.6,213.3,206.1,175.0,307.2,307.2,285.3,203.3
synthetic_0436,-6296.876953125,-135.59054565429688,76.14498901367188,262.5,102.7,64.3,11.9,250.4,255.1,238.7,350.8,350.8,306.0,262.3
synthetic_0437,3003.725341796875,813.2637939453125,90.87687683105469,246.1,89.7,61.7,13.0,225.0,230.3,216.6,312.3,312.3,298.4,223.7
synthetic_0438,2956.148193359375,-2225.55908203125,93.78607940673828,266.5,92.5,64.3,11.0,248.4,240.9,234.8,328.2,328.2,294.8,243.4
synthetic_0439,-5702.83740234375,95.56143951416016,58.157386779785156,224.0,78.3,48.6,5.8,197.4,184.8,175.4,256.1,256.1,245.8,183.0
synthetic_0440,-6345.24853515625,0.1975555419921875,69.83600616455078,259.7,92.1,58.5,8.0,234.2,237.7,230.3,336.1,336.1,303.0,228.4
synthetic_0441,-5644.11279296875,-94.66850280761719,71.58296203613281,253.0,105.7,57.1,11.2,257.9,238.5,224.9,322.1,322.1,281.2,225.0
synthetic_0442,-6427.591796875,-125.77250671386719,75.27801513671875,268.0,102.8,63.6,13.9,245.8,244.3,247.7,332.7,332.7,301.3,223.5
synthetic_0443,2817.78564453125,785.1295166015625,86.1099853515625,235.9,83.8,57.6,15.5,219.8,227.0,204.6,308.8,308.8,275.1,210.1
synthetic_0444,3292.917724609375,907.577392578125,101.30305480957031,264.1,97.0,67.0,20.4,242.7,257.8,243.1,318.3,318.3,283.9,221.6
synthetic_0445,3069.01953125,969.1668701171875,103.38096618652344,254.9,98.9,69.6,15.6,241.0,234.4,224.7,325.9,325.9,306.2,249.1
synthetic_0446,2978.852294921875,-2286.08154296875,96.13690948486328,270.0,95.9,65.1,13.5,238.6,245.3,232.8,327.1,327.1,293.1,213.8
synthetic_0447,3120.2783203125,917.134521484375,100.33854675292969,255.6,97.4,68.5,12.9,247.8,254.2,227.5,324.4,324.4,299.7,235.6
synthetic_0448,-6629.48779296875,-224.896728515625,84.68427276611328,282.2,110.6,73.5,12.0,280.6,283.2,261.1,359.2,359.2,311.2,261.3
synthetic_0449,-5920.86572265625,-81.4533920288086,70.6791000366211,240.1,92.6,58.8,11.1,223.6,226.6,228.4,335.6,335.6,298.9,240.1
synthetic_0450,-6596.0029296875,-97.35336303710938,76.96250915527344,275.9,98.6,68.3,7.4,257.8,271.7,251.3,333.3,333.3,294.8,230.1
synthetic_0451,-6410.85546875,-120.77542114257812,75.17684173583984,267.3,101.3,65.0,11.3,250.9,247.3,225.8,334.3,334.3,299.3,220.0
synthetic_0452,3547.60107421875,702.0225219726562,93.37220764160156,273.5,87.8,65.5,11.5,235.8,241.0,234.9,331.5,331.5,298.1,217.1
synthetic_0453,3760.769775390625,858.788330078125,105.10919189453125,289.2,100.0,73.1,17.2,259.0,257.9,249.7,332.5,332.5,295.4,234.4
synthetic_0454,3001.20703125,-1047.349853515625,97.88651275634766,263.9,104.4,65.1,16.8,253.3,247.7,233.3,329.3,329.3,300.4,236.0
synthetic_0455,2648.272705078125,747.5052490234375,83.46890258789062,229.2,78.3,59.5,8.8,209.1,222.1,197.5,298.6,298.6,271.2,204.6
synthetic_0456,2680.457763671875,-915.1482543945312,83.90061950683594,240.4,88.1,55.7,15.1,217.1,228.7,210.6,299.9,299.9,255.5,205.0
synthetic_0457,-6169.49169921875,-72.14382934570312,73.85987854003906,253.6,99.5,56.3,16.6,247.2,251.5,234.7,342.8,342.8,315.1,227.0
synthetic_0458,2661.71728515625,747.8604736328125,82.69243621826172,228.1,80.7,57.7,8.5,211.9,202.4,179.6,318.9,318.9,278.4,215.5
synthetic_0459,2957.760009765625,-2444.837646484375,105.13475036621094,274.0,104.4,69.2,19.0,252.1,257.6,241.5,338.3,338.3,304.6,242.5
synthetic_0460,-5870.35107421875,-59.61663055419922,69.15933227539062,238.5,94.2,56.6,10.9,228.0,232.0,202.2,324.5,324.5,302.1,218.7
synthetic_0461,-6107.0478515625,-215.52178955078125,76.96809387207031,255.7,105.9,63.8,18.3,252.3,258.0,241.7,346.5,346.5,305.0,235.4
synthetic_0462,3138.7373046875,925.1324462890625,100.628662109375,258.2,95.7,67.8,19.2,233.7,237.9,213.7,351.6,351.6,315.8,233.2
synthetic_0463,2896.044677734375,-1014.2593383789062,96.43316650390625,256.5,98.9,63.6,17.6,259.1,248.7,228.7,333.1,333.1,304.8,229.8
synthetic_0464,3131.17822265625,862.7467651367188,97.3628921508789,257.1,92.2,68.1,12.6,234.0,246.6,228.2,330.0,330.0,302.1,252.8
synthetic_0465,-6370.5419921875,-145.96583557128906,76.26213073730469,266.6,103.9,66.2,11.2,258.0,258.5,232.0,339.4,339.4,302.7,252.2
synthetic_0466,2974.923583984375,-1045.931396484375,100.510986328125,264.7,106.2,67.9,14.6,249.8,255.6,239.7,319.5,319.5,287.5,235.4
synthetic_0467,3308.89794921875,863.4016723632812,99.44354248046875,264.4,95.9,68.0,13.6,223.1,231.7,226.8,301.9,301.9,282.9,216.3
synthetic_0468,3040.4931640625,862.0475463867188,96.22640991210938,256.5,89.5,70.8,14.3,232.9,254.2,239.0,324.5,324.5,296.8,231.7
synthetic_0469,2279.073974609375,-806.255615234375,76.46939086914062,220.1,83.5,50.1,16.6,210.0,204.2,190.7,267.1,267.1,254.0,208.5
synthetic_0470,-6447.11669921875,-112.64579772949219,74.6521987915039,269.0,100.1,65.5,10.2,263.3,256.4,258.4,361.1,361.1,320.7,245.9
synthetic_0471,-5699.9462890625,1691.752197265625,81.38336181640625,255.1,95.5,76.7,11.4,242.7,262.0,241.5,339.5,339.5,307.3,256.2
synthetic_0472,3174.891357421875,999.7059936523438,105.79148864746094,262.1,101.2,71.9,18.6,250.2,250.0,231.6,334.3,334.3,296.5,231.4
synthetic_0473,2860.843994140625,694.1268310546875,82.40130615234375,236.1,80.6,58.3,6.2,205.1,208.5,188.0,310.0,310.0,274.8,209.2
synthetic_0474,2893.814697265625,-2277.80712890625,96.20232391357422,265.7,95.7,63.1,18.1,248.0,251.3,242.6,321.7,321.7,291.0,235.8
synthetic_0475,3019.572509765625,-1036.703857421875,97.24386596679688,263.2,98.8,64.9,15.1,243.3,253.1,223.9,338.0,338.0,296.6,231.1
synthetic_0476,-5949.02978515625,-72.30043029785156,70.51586151123047,241.3,92.8,58.1,11.4,235.2,228.9,224.0,335.4,335.4,299.8,260.3
synthetic_0477,-6535.3359375,-134.66688537597656,78.01680755615234,274.6,104.2,65.1,13.6,266.0,273.9,265.3,364.4,364.4,331.2,242.8
synthetic_0478,2659.8486328125,895.7297973632812,90.87564849853516,230.9,88.7,61.0,15.9,224.8,236.0,212.5,310.3,310.3,270.1,225.3
synthetic_0479,2364.4892578125,-2154.373291015625,97.19979095458984,243.6,96.3,66.5,11.2,240.5,241.9,213.9,325.4,325.4,291.6,250.1
synthetic_0480,-5718.68701171875,-81.25601196289062,63.95581817626953,230.3,89.2,54.6,14.8,222.5,226.9,206.3,306.0,306.0,287.9,215.6
synthetic_0481,2699.275390625,983.3064575195312,98.48187255859375,241.1,92.7,71.3,14.8,242.0,246.9,231.1,340.3,340.3,299.2,235.5
synthetic_0482,3363.640625,1074.2591552734375,112.72543334960938,273.5,108.3,75.1,22.8,264.1,270.4,262.9,358.0,358.0,313.8,263.8
synthetic_0483,3030.571044921875,935.5994873046875,99.94461059570312,253.5,95.1,68.3,17.1,247.4,237.4,229.0,332.5,332.5,296.4,229.6
synthetic_0484,3068.156005859375,1026.3505859375,107.6756591796875,256.9,104.8,73.6,11.9,256.8,270.1,252.9,354.5,354.5,328.1,268.0
synthetic_0485,2782.739990234375,933.150390625,95.32089233398438,238.3,94.1,64.4,14.4,239.2,246.2,231.5,322.3,322.3,293.7,224.8
synthetic_0486,-5761.6064453125,-170.93301391601562,74.06300354003906,236.1,96.7,62.5,12.6,229.8,240.1,231.7,311.4,311.4,287.2,205.2
synthetic_0487,2924.315673828125,-984.396240234375,93.50479125976562,255.5,93.7,63.6,11.3,237.1,254.8,232.5,349.3,349.3,306.1,257.3
synthetic_0488,2808.071533203125,-1012.1321411132812,102.83646392822266,256.6,105.6,68.3,15.4,252.4,253.6,239.3,348.0,348.0,309.2,243.9
synthetic_0489,-6497.064453125,-137.23304748535156,80.9319839477539,273.6,108.5,66.0,11.5,264.2,273.5,262.4,339.7,339.7,300.4,237.8
synthetic_0490,-6820.38671875,-38.53901672363281,73.60338592529297,284.1,98.3,63.5,10.6,253.2,252.1,241.0,355.7,355.7,328.8,244.9
synthetic_0491,3428.2939453125,816.6305541992188,98.21510314941406,269.1,93.7,66.9,15.1,249.1,236.9,227.5,323.3,323.3,295.7,242.3
synthetic_0492,-5973.98974609375,-171.12301635742188,76.06273651123047,247.3,97.9,68.4,7.6,244.3,258.3,237.0,326.8,326.8,286.0,231.6
synthetic_0493,-6181.7353515625,-100.503173828125,73.76057434082031,255.8,99.7,62.0,10.4,244.5,252.2,252.6,321.1,321.1,282.2,236.6
synthetic_0494,2683.47412109375,-905.0932006835938,86.32160949707031,240.4,87.2,58.2,11.8,224.0,229.7,215.7,304.9,304.9,275.1,223.7
synthetic_0495,2924.412841796875,786.541259765625,88.2523422241211,244.3,83.7,61.1,17.7,220.3,224.5,205.3,333.5,333.5,295.4,235.7
synthetic_0496,2015.03076171875,-1996.145263671875,90.7371597290039,224.6,91.9,60.3,15.7,227.2,233.2,210.7,308.1,308.1,284.1,226.5
synthetic_0497,3622.7109375,948.0062866210938,109.34500122070312,281.9,106.9,74.2,14.6,260.7,270.4,248.8,353.4,353.4,312.3,260.7
synthetic_0498,3442.7451171875,853.75927734375,101.44900512695312,271.7,96.4,70.4,12.7,246.4,262.6,248.8,366.4,366.4,318.4,246.1
synthetic_0499,-6051.701171875,48.34123992919922,68.51593017578125,244.1,90.7,51.8,10.2,222.4,224.9,215.0,310.8,310.8,285.0,203.6
synthetic_0500,3134.76318359375,652.775146484375,82.6653823852539,248.0,81.8,57.3,9.1,217.5,210.1,198.2,295.5,295.5,271.0,209.7
synthetic_0501,3252.98291015625,733.0171508789062,89.6356430053711,256.7,88.3,61.4,11.3,226.4,229.4,227.5,331.0,331.0,302.6,238.9
synthetic_0502,-5919.677734375,-85.27738952636719,71.93959045410156,242.6,95.9,61.0,7.1,237.6,240.5,224.2,323.1,323.1,297.2,227.2
synthetic_0503,-6300.12841796875,-50.57881164550781,74.3141860961914,259.4,99.1,60.5,9.3,228.5,236.4,213.0,326.2,326.2,297.1,215.3
synthetic_0504,3038.891845703125,1064.6859130859375,108.21995544433594,255.4,104.6,72.0,18.7,254.3,256.0,246.2,339.0,339.0,298.6,242.7
synthetic_0505,2689.61572265625,-2255.6416015625,98.47732543945312,259.3,98.5,67.3,11.8,235.2,256.2,254.9,339.7,339.7,300.9,249.4
synthetic_0506,3635.18603515625,827.6505126953125,101.55802917480469,279.5,97.9,68.8,15.5,256.3,253.1,227.5,357.8,357.8,317.6,251.6
synthetic_0507,2942.91455078125,866.93408203125,94.58796691894531,248.3,89.0,66.6,15.2,231.9,251.6,223.7,326.4,326.4,290.6,239.1
synthetic_0508,3124.32275390625,816.3488159179688,93.44000244140625,253.3,90.0,63.7,13.9,237.1,242.4,230.7,335.5,335.5,296.7,237.0
synthetic_0509,2957.887939453125,1027.14111328125,103.37637329101562,250.8,103.1,69.4,16.8,250.6,258.1,231.3,334.2,334.2,302.4,244.1
synthetic_0510,3504.6689453125,847.1392211914062,98.73806762695312,272.3,98.1,65.0,19.6,252.8,248.6,234.7,339.7,339.7,307.8,262.1
synthetic_0511,-6301.87841796875,-30.459091186523438,75.69351196289062,259.8,100.8,58.4,10.6,254.1,249.7,202.5,351.0,351.0,299.8,244.9
synthetic_0512,-5301.26513671875,-13.185760498046875,64.0980453491211,208.9,84.8,54.0,3.0,210.9,223.8,210.7,311.9,311.9,270.5,220.3
synthetic_0513,-6287.74951171875,-84.9061279296875,79.36711120605469,286.6,112.5,63.4,8.0,264.5,245.3,237.2,341.9,341.9,314.2,245.6
synthetic_0514,-6088.892578125,12.989501953125,68.17192840576172,247.1,92.1,54.2,10.2,229.5,227.0,218.3,321.7,321.7,292.2,229.0
synthetic_0515,-6159.73193359375,-121.31150817871094,72.65857696533203,254.9,97.3,63.5,10.7,244.3,240.7,231.0,330.5,330.5,295.6,227.2
synthetic_0516,2617.775146484375,878.4878540039062,89.49066162109375,228.2,88.5,59.2,15.3,216.2,239.8,217.3,302.0,302.0,264.4,228.1
synthetic_0517,3327.08642578125,-1150.8096923828125,101.81376647949219,280.1,107.5,66.3,21.4,259.9,257.8,254.4,364.6,364.6,322.1,247.7
synthetic_0518,2980.55615234375,762.0662841796875,88.12903594970703,246.0,83.0,60.3,17.0,222.7,226.4,206.0,324.9,324.9,293.4,225.2
synthetic_0519,-5575.265625,28.183731079101562,61.31745147705078,242.8,96.1,48.6,12.0,249.7,222.8,215.2,318.5,318.5,296.0,216.3
synthetic_0520,3188.255615234375,990.4324340820312,103.41877746582031,259.1,101.3,65.4,26.2,248.5,255.2,225.7,333.2,333.2,289.1,210.5
synthetic_0521,-6156.50439453125,-171.76632690429688,78.28176879882812,257.1,103.6,65.3,12.4,237.0,248.1,236.8,312.9,312.9,286.1,236.7
synthetic_0522,3321.19384765625,955.7673950195312,105.08302307128906,266.5,103.1,69.2,17.9,240.5,238.6,221.6,327.0,327.0,294.9,245.6
synthetic_0523,3552.433349609375,830.6444702148438,101.87374877929688,276.2,98.5,69.7,11.5,249.0,254.6,212.8,374.3,374.3,328.6,275.4
synthetic_0524,2574.102783203125,-2183.489013671875,94.5473861694336,250.5,94.9,61.2,19.3,234.9,239.6,234.3,334.3,334.3,306.8,258.7
synthetic_0525,3270.481201171875,915.7791748046875,100.83735656738281,262.0,98.7,66.5,19.1,241.2,245.3,219.3,313.7,313.7,284.5,242.2
synthetic_0526,3396.853515625,822.5447998046875,96.74382019042969,265.7,94.7,63.2,18.9,248.3,246.9,229.7,348.3,348.3,316.0,263.3
synthetic_0527,3245.75390625,835.8137817382812,97.07333374023438,260.0,93.4,66.7,12.1,228.4,242.4,234.4,325.0,325.0,286.2,231.4
synthetic_0528,2840.699951171875,879.2577514648438,93.54594421386719,246.8,87.7,69.9,16.1,230.9,249.2,236.0,328.7,328.7,293.2,241.6
synthetic_0529,-6370.5322265625,-70.41975402832031,72.50544738769531,262.4,96.3,60.1,13.4,239.6,223.1,220.1,344.8,344.8,300.7,227.3
synthetic_0530,-5823.47314453125,-104.21241760253906,69.06607818603516,237.4,90.8,61.1,9.3,225.0,214.9,214.2,300.0,300.0,261.9,206.8
synthetic_0531,3040.33984375,920.1925048828125,98.6709976196289,251.7,94.5,65.4,19.2,241.5,254.2,246.7,344.8,344.8,315.2,254.5
synthetic_0532,2968.041015625,-2222.30419921875,93.37837982177734,267.6,92.5,63.0,12.4,243.8,241.2,236.9,358.8,358.8,325.7,236.4
synthetic_0533,-6434.6171875,-35.41180419921875,70.01460266113281,264.8,95.9,59.3,11.6,250.3,246.6,248.1,353.4,353.4,313.0,238.9
synthetic_0534,-5781.34521484375,-74.00865936279297,70.43295288085938,234.5,94.5,57.8,9.4,238.1,246.1,237.6,324.5,324.5,292.8,232.9
synthetic_0535,3527.36279296875,1034.490234375,114.14994812011719,283.2,107.3,78.9,20.1,264.3,281.3,272.6,392.6,392.6,345.0,278.3
synthetic_0536,2986.638916015625,-1063.5755615234375,102.51130676269531,266.4,108.4,69.1,16.3,260.2,261.4,244.4,353.1,353.1,311.5,248.2
synthetic_0537,2776.36376953125,994.4190063476562,100.0018310546875,241.6,94.9,67.1,20.0,235.4,250.6,231.1,337.2,337.2,302.2,240.8
synthetic_0538,3332.062255859375,887.6764526367188,99.57579040527344,264.3,97.4,65.1,20.5,262.7,249.5,228.4,328.9,328.9,303.3,236.8
synthetic_0539,-6247.25927734375,-117.82864379882812,73.89225006103516,259.5,100.0,62.5,12.3,245.3,232.8,214.9,314.5,314.5,285.0,226.3
synthetic_0540,-5423.26513671875,1500.9010009765625,62.54291534423828,224.9,77.7,59.6,3.0,213.4,203.0,202.5,296.1,296.1,288.2,189.8
synthetic_0541,3374.019775390625,799.2296752929688,96.74848937988281,268.5,90.9,68.4,13.6,238.7,236.1,230.3,319.7,319.7,283.1,214.7
synthetic_0542,3538.39501953125,1006.549072265625,112.65933227539062,283.9,105.3,78.6,21.3,257.9,269.4,251.9,374.3,374.3,332.4,267.6
synthetic_0543,-6132.9345703125,-163.70114135742188,76.7614974975586,255.6,102.7,64.8,12.0,244.3,244.0,220.0,325.5,325.5,289.9,234.9
synthetic_0544,-5421.63330078125,-53.379974365234375,63.33803939819336,213.9,84.6,54.4,9.0,210.4,211.7,184.7,309.8,309.8,277.7,201.3
synthetic_0545,2577.64013671875,934.6544799804688,93.6324462890625,231.2,88.7,65.6,14.0,212.9,230.6,213.9,325.2,325.2,270.6,233.8
synthetic_0546,2865.19873046875,770.0888061523438,86.52397155761719,239.3,82.9,59.3,13.8,204.8,219.9,211.3,306.3,306.3,270.9,225.9
synthetic_0547,-5694.00634765625,-109.18800354003906,69.6005630493164,230.5,92.9,58.3,11.5,214.3,222.0,213.8,292.1,292.1,265.0,201.7
synthetic_0548,3398.567626953125,787.7669067382812,95.27294921875,271.2,89.8,68.5,20.8,247.1,252.5,234.0,334.5,334.5,305.0,230.2
synthetic_0549,-6393.45458984375,-156.31927490234375,85.3591537475586,269.5,111.8,67.9,9.1,255.8,265.5,246.8,355.0,355.0,324.1,250.7
synthetic_0550,2734.41552734375,-949.2760620117188,88.71633911132812,243.9,89.8,56.5,19.7,225.3,232.1,213.7,304.4,304.4,283.8,207.4
synthetic_0551,2841.400390625,922.7642211914062,96.4184799194336,241.5,91.9,63.3,19.4,231.8,243.9,232.4,308.3,308.3,273.5,208.0
synthetic_0552,-6472.958984375,-93.635986328125,79.22716522216797,270.2,102.5,68.0,4.2,267.4,255.4,258.4,329.7,329.7,284.4,238.8
synthetic_0553,2661.29443359375,-894.8106689453125,82.22933959960938,237.6,84.2,54.1,14.3,221.0,234.1,212.1,317.5,317.5,287.0,211.8
synthetic_0554,2997.145263671875,-1040.341064453125,103.11540222167969,264.5,104.3,70.8,11.5,261.2,263.9,244.6,336.8,336.8,316.2,247.7
synthetic_0555,3029.042236328125,971.0874633789062,102.50044250488281,259.5,95.9,75.3,20.6,237.8,251.9,233.0,333.6,333.6,303.0,260.1
synthetic_0556,2353.3720703125,-1914.5784912109375,83.35285949707031,233.9,82.6,57.0,10.0,227.4,233.6,225.4,319.1,319.1,279.1,226.6
synthetic_0557,-6322.76123046875,-171.72686767578125,80.98727416992188,264.9,105.8,66.0,13.4,256.6,264.4,235.1,354.2,354.2,310.7,225.3
synthetic_0558,3027.382080078125,1031.753173828125,105.06584167480469,254.2,103.0,71.5,16.1,263.0,267.5,256.7,341.1,341.1,303.1,226.3
synthetic_0559,-6661.8955078125,-86.28184509277344,75.10063934326172,278.6,100.5,65.9,9.6,251.5,263.7,260.5,330.6,330.6,291.8,245.1
synthetic_0560,3301.22607421875,818.61865234375,96.23683166503906,261.4,94.6,65.7,11.9,250.9,254.3,243.0,309.8,309.8,295.9,238.1
synthetic_0561,2370.251220703125,-838.0332641601562,80.68053436279297,224.8,83.7,52.2,17.4,212.7,208.8,199.9,263.1,263.1,244.2,194.4
synthetic_0562,2505.636474609375,819.0234375,86.32640075683594,223.1,82.8,61.0,6.5,212.9,222.2,221.1,307.2,307.2,283.3,207.4
synthetic_0563,3122.684814453125,847.4473266601562,94.91168212890625,252.7,92.6,62.9,16.5,237.5,234.3,223.5,341.5,341.5,307.6,235.9
synthetic_0564,3055.15234375,822.1752319335938,94.52742004394531,255.4,87.4,69.6,11.3,236.4,238.3,220.0,349.7,349.7,312.2,253.0
synthetic_0565,2838.115234375,-981.59375,92.3470687866211,251.5,94.5,60.6,16.3,230.5,246.0,225.7,331.9,331.9,297.3,226.9
synthetic_0566,-6167.15380859375,-123.20002746582031,74.21795654296875,256.0,100.7,61.9,12.6,245.2,252.2,234.8,358.3,358.3,318.6,244.3
synthetic_0567,2781.836669921875,784.2861328125,86.50940704345703,233.9,83.1,56.8,16.1,213.8,214.8,213.3,332.6,332.6,289.1,220.3
synthetic_0568,3470.4404296875,-1180.5166015625,106.1383285522461,287.7,108.2,70.5,18.0,273.6,266.7,254.0,364.7,364.7,327.5,246.7
synthetic_0569,2845.943603515625,830.3425903320312,91.44743347167969,239.6,87.5,62.5,11.5,218.4,227.4,204.7,324.1,324.1,289.1,223.7
synthetic_0570,3210.36376953125,790.5739135742188,91.55442810058594,262.9,87.9,67.5,26.3,230.9,239.0,230.0,354.6,354.6,298.8,250.3
synthetic_0571,-7031.8369140625,-176.98928833007812,83.80042266845703,300.7,114.7,69.9,16.5,270.2,278.4,252.2,360.3,360.3,320.4,268.2
synthetic_0572,-6325.5380859375,1.8347625732421875,71.92854309082031,258.3,94.0,59.9,5.4,228.1,229.7,224.9,323.1,323.1,283.3,220.8
synthetic_0573,2723.943603515625,952.9098510742188,98.88032531738281,237.9,95.0,69.4,7.1,231.2,253.8,222.1,341.2,341.2,305.2,248.0
synthetic_0574,-6706.0498046875,-217.11386108398438,86.03421020507812,286.8,116.8,71.7,13.3,271.4,280.9,250.7,357.1,357.1,317.0,256.1
synthetic_0575,3459.670654296875,-2653.208251953125,110.7774887084961,300.6,110.8,72.6,19.8,276.2,285.9,266.5,360.6,360.6,315.1,239.1
synthetic_0576,3206.0439453125,853.6959228515625,97.94239807128906,263.0,91.4,70.7,14.8,235.4,238.2,229.8,316.9,316.9,295.0,237.0
synthetic_0577,2812.28466796875,-984.0025634765625,95.2369384765625,252.5,98.2,63.8,14.8,235.5,257.8,232.4,354.1,354.1,322.2,254.1
synthetic_0578,3431.66259765625,921.9189453125,104.58308410644531,276.2,98.6,73.1,22.7,249.4,258.5,237.6,347.1,347.1,300.9,237.0
synthetic_0579,3561.97314453125,1032.1539306640625,113.87142944335938,284.2,109.0,79.8,15.0,269.5,273.1,256.9,338.8,338.8,305.8,250.9
synthetic_0580,3029.6591796875,819.0664672851562,93.09966278076172,249.8,89.3,65.7,9.0,232.7,254.2,244.6,317.1,317.1,290.7,229.2
synthetic_0581,2690.66357421875,904.9607543945312,90.73872375488281,232.4,90.0,59.2,19.6,221.3,238.0,210.9,306.5,306.5,284.1,206.1
synthetic_0582,3190.6103515625,805.1262817382812,94.2066879272461,256.9,89.2,63.4,16.6,227.7,231.0,209.7,321.0,321.0,286.7,213.6
synthetic_0583,3144.36767578125,755.5159912109375,89.26583862304688,251.1,86.1,58.5,17.7,222.8,239.8,221.3,328.4,328.4,276.4,224.5
synthetic_0584,-6118.54931640625,-197.68658447265625,78.75445556640625,255.7,103.7,68.8,9.8,258.9,259.4,236.5,344.1,344.1,320.2,249.2
synthetic_0585,3180.1640625,991.2254638671875,105.29841613769531,260.0,102.2,70.2,17.7,259.7,268.6,250.8,364.7,364.7,325.9,273.9
synthetic_0586,3159.513427734375,-2509.215576171875,104.80107879638672,284.4,105.8,68.9,20.6,267.6,268.6,249.5,360.1,360.1,317.6,252.6
synthetic_0587,3183.43017578125,925.40966796875,101.07078552246094,261.1,95.9,69.2,19.5,248.6,251.9,242.2,335.9,335.9,307.9,243.8
synthetic_0588,3633.2802734375,-1257.688232421875,116.34590911865234,301.1,119.1,78.0,17.8,287.8,281.6,252.8,355.9,355.9,305.6,250.1
synthetic_0589,-6155.970703125,-82.15196228027344,70.13844299316406,252.2,93.7,60.7,11.4,246.4,248.1,228.3,335.0,335.0,297.0,222.8
synthetic_0590,3277.30419921875,-1083.65869140625,94.62570190429688,273.9,100.0,63.7,13.5,251.1,233.0,225.2,345.2,345.2,322.6,252.4
synthetic_0591,-6532.005859375,-307.6805419921875,89.04222106933594,281.4,119.4,74.3,16.4,286.6,282.9,266.6,357.7,357.7,315.9,249.6
synthetic_0592,-6414.7197265625,26.131622314453125,74.37317657470703,263.6,98.0,58.0,6.8,235.3,225.2,219.7,329.9,329.9,299.4,236.4
synthetic_0593,3291.971435546875,968.8316650390625,104.76322937011719,267.0,100.9,71.5,18.6,253.4,270.3,231.6,343.0,343.0,317.1,261.6
synthetic_0594,-5744.57958984375,-2.4446029663085938,73.44155883789062,231.6,95.0,54.5,6.8,226.8,224.0,201.1,321.3,321.3,296.0,214.3
synthetic_0595,-5897.705078125,1692.3642578125,77.37020874023438,255.8,95.9,71.4,3.5,234.2,244.9,220.6,326.8,326.8,290.5,237.3
synthetic_0596,3128.352783203125,-1051.7724609375,96.2158203125,267.3,98.7,65.0,13.1,246.7,233.7,228.4,330.0,330.0,298.1,243.0
synthetic_0597,-5942.439453125,-5.7364959716796875,66.16242980957031,239.1,88.4,55.3,8.8,230.9,238.9,213.9,318.6,318.6,293.0,200.9
synthetic_0598,-5352.9501953125,1.3260040283203125,63.41727066040039,229.0,89.3,50.3,8.7,220.4,220.5,207.6,308.1,308.1,279.7,201.1
synthetic_0599,3049.87353515625,992.4507446289062,103.66459655761719,257.1,98.5,71.9,17.9,253.0,255.9,236.1,336.7,336.7,296.1,254.0
